Cell_line	Instrument	Accession	Growing_conditions	Passage_number	Sex	Assay_description	Result	Jerber_model_score	Diff_efficiency	Retention_group
HPSI0114i-bezi_3	Illumina HiSeq 2000	ERR947009	Feeder-free	29	female	"INSTRUMENT_PLATFORM=ILLUMINA,INSTRUMENT_MODEL=Illumina HiSeq 2000,LIBRARY_LAYOUT=PAIRED,LIBRARY_STRATEGY=RNA-Seq,LIBRARY_SOURCE=TRANSCRIPTOMIC,LIBRARY_SELECTION=cDNA,PAIRED_NOMINAL_LENGTH=550"	succeeded	0.994178186	0.582697201	0
HPSI0114i-bezi_3	Illumina HiSeq 2000	ERR946984	Feeder-free	29	female	"INSTRUMENT_PLATFORM=ILLUMINA,INSTRUMENT_MODEL=Illumina HiSeq 2000,LIBRARY_LAYOUT=PAIRED,LIBRARY_STRATEGY=RNA-Seq,LIBRARY_SOURCE=TRANSCRIPTOMIC,LIBRARY_SELECTION=cDNA,PAIRED_NOMINAL_LENGTH=550"	succeeded	0.994178186	0.582697201	0
HPSI0114i-eipl_1	Illumina HiSeq 2000	ERR914306	Feeder-free	33	female	"INSTRUMENT_PLATFORM=ILLUMINA,INSTRUMENT_MODEL=Illumina HiSeq 2000,LIBRARY_LAYOUT=PAIRED,LIBRARY_STRATEGY=RNA-Seq,LIBRARY_SOURCE=TRANSCRIPTOMIC,LIBRARY_SELECTION=cDNA,PAIRED_NOMINAL_LENGTH=550"	failed	0.005722711	0.01287835	0
HPSI0114i-eipl_1	Illumina HiSeq 2000	ERR914342	Feeder-free	33	female	"INSTRUMENT_PLATFORM=ILLUMINA,INSTRUMENT_MODEL=Illumina HiSeq 2000,LIBRARY_LAYOUT=PAIRED,LIBRARY_STRATEGY=RNA-Seq,LIBRARY_SOURCE=TRANSCRIPTOMIC,LIBRARY_SELECTION=cDNA,PAIRED_NOMINAL_LENGTH=550"	failed	0.005722711	0.01287835	0
HPSI0114i-fikt_3	Illumina HiSeq 2000	ERR914288	Feeder-free	36	male	"INSTRUMENT_PLATFORM=ILLUMINA,INSTRUMENT_MODEL=Illumina HiSeq 2000,LIBRARY_LAYOUT=PAIRED,LIBRARY_STRATEGY=RNA-Seq,LIBRARY_SOURCE=TRANSCRIPTOMIC,LIBRARY_SELECTION=cDNA,PAIRED_NOMINAL_LENGTH=550"	succeeded	0.965656771	0.402826855	0
HPSI0114i-fikt_3	Illumina HiSeq 2000	ERR914324	Feeder-free	36	male	"INSTRUMENT_PLATFORM=ILLUMINA,INSTRUMENT_MODEL=Illumina HiSeq 2000,LIBRARY_LAYOUT=PAIRED,LIBRARY_STRATEGY=RNA-Seq,LIBRARY_SOURCE=TRANSCRIPTOMIC,LIBRARY_SELECTION=cDNA,PAIRED_NOMINAL_LENGTH=550"	succeeded	0.965656771	0.402826855	0
HPSI0114i-kolf_2	Illumina HiSeq 2000	ERR1203463	Feeder-free	18	male	"INSTRUMENT_PLATFORM=ILLUMINA,INSTRUMENT_MODEL=Illumina HiSeq 2000,LIBRARY_LAYOUT=PAIRED,LIBRARY_STRATEGY=RNA-Seq,LIBRARY_SOURCE=TRANSCRIPTOMIC,LIBRARY_SELECTION=cDNA,PAIRED_NOMINAL_LENGTH=200"	succeeded	0.918353472	0.470591332	0
HPSI0114i-kolf_2	Illumina HiSeq 2000	ERR1243466	Feeder-free	18	male	"INSTRUMENT_PLATFORM=ILLUMINA,INSTRUMENT_MODEL=Illumina HiSeq 2000,LIBRARY_LAYOUT=PAIRED,LIBRARY_STRATEGY=RNA-Seq,LIBRARY_SOURCE=TRANSCRIPTOMIC,LIBRARY_SELECTION=cDNA,PAIRED_NOMINAL_LENGTH=200"	succeeded	0.918353472	0.470591332	0
HPSI0114i-lexy_2	Illumina HiSeq 2000	ERR946993	Feeder-free	25	female	"INSTRUMENT_PLATFORM=ILLUMINA,INSTRUMENT_MODEL=Illumina HiSeq 2000,LIBRARY_LAYOUT=PAIRED,LIBRARY_STRATEGY=RNA-Seq,LIBRARY_SOURCE=TRANSCRIPTOMIC,LIBRARY_SELECTION=cDNA,PAIRED_NOMINAL_LENGTH=550"	succeeded	0.954325525	0.726905347	1
HPSI0114i-lexy_2	Illumina HiSeq 2000	ERR946968	Feeder-free	25	female	"INSTRUMENT_PLATFORM=ILLUMINA,INSTRUMENT_MODEL=Illumina HiSeq 2000,LIBRARY_LAYOUT=PAIRED,LIBRARY_STRATEGY=RNA-Seq,LIBRARY_SOURCE=TRANSCRIPTOMIC,LIBRARY_SELECTION=cDNA,PAIRED_NOMINAL_LENGTH=550"	succeeded	0.954325525	0.726905347	1
HPSI0114i-rozh_4	Illumina HiSeq 2000	ERR946986	Feeder-free	27	female	"INSTRUMENT_PLATFORM=ILLUMINA,INSTRUMENT_MODEL=Illumina HiSeq 2000,LIBRARY_LAYOUT=PAIRED,LIBRARY_STRATEGY=RNA-Seq,LIBRARY_SOURCE=TRANSCRIPTOMIC,LIBRARY_SELECTION=cDNA,PAIRED_NOMINAL_LENGTH=550"	succeeded	0.998645442	0.56146789	0
HPSI0114i-rozh_4	Illumina HiSeq 2000	ERR947011	Feeder-free	27	female	"INSTRUMENT_PLATFORM=ILLUMINA,INSTRUMENT_MODEL=Illumina HiSeq 2000,LIBRARY_LAYOUT=PAIRED,LIBRARY_STRATEGY=RNA-Seq,LIBRARY_SOURCE=TRANSCRIPTOMIC,LIBRARY_SELECTION=cDNA,PAIRED_NOMINAL_LENGTH=550"	succeeded	0.998645442	0.56146789	0
HPSI0114i-vass_1	Illumina HiSeq 2000	ERR947002	Feeder-free	26	female	"INSTRUMENT_PLATFORM=ILLUMINA,INSTRUMENT_MODEL=Illumina HiSeq 2000,LIBRARY_LAYOUT=PAIRED,LIBRARY_STRATEGY=RNA-Seq,LIBRARY_SOURCE=TRANSCRIPTOMIC,LIBRARY_SELECTION=cDNA,PAIRED_NOMINAL_LENGTH=550"	succeeded	0.997562532	0.852173913	0
HPSI0114i-vass_1	Illumina HiSeq 2000	ERR946977	Feeder-free	26	female	"INSTRUMENT_PLATFORM=ILLUMINA,INSTRUMENT_MODEL=Illumina HiSeq 2000,LIBRARY_LAYOUT=PAIRED,LIBRARY_STRATEGY=RNA-Seq,LIBRARY_SOURCE=TRANSCRIPTOMIC,LIBRARY_SELECTION=cDNA,PAIRED_NOMINAL_LENGTH=550"	succeeded	0.997562532	0.852173913	0
HPSI0114i-zapk_2	Illumina HiSeq 2000	ERR1724696	Feeder-free	22	male	"INSTRUMENT_PLATFORM=ILLUMINA,INSTRUMENT_MODEL=Illumina HiSeq 2000,LIBRARY_LAYOUT=PAIRED,LIBRARY_STRATEGY=RNA-Seq,LIBRARY_SOURCE=TRANSCRIPTOMIC,LIBRARY_SELECTION=cDNA,PAIRED_NOMINAL_LENGTH=200"	succeeded	0.984046301	0.356764231	0
HPSI0114i-zapk_2	Illumina HiSeq 2500	ERR1743786	Feeder-free	22	male	"INSTRUMENT_PLATFORM=ILLUMINA,INSTRUMENT_MODEL=Illumina HiSeq 2500,LIBRARY_LAYOUT=PAIRED,LIBRARY_STRATEGY=RNA-Seq,LIBRARY_SOURCE=TRANSCRIPTOMIC,LIBRARY_SELECTION=cDNA,PAIRED_NOMINAL_LENGTH=200"	succeeded	0.984046301	0.356764231	0
HPSI0115i-aion_2	Illumina HiSeq 2000	ERR1724699	Feeder-free	30	male	"INSTRUMENT_PLATFORM=ILLUMINA,INSTRUMENT_MODEL=Illumina HiSeq 2000,LIBRARY_LAYOUT=PAIRED,LIBRARY_STRATEGY=RNA-Seq,LIBRARY_SOURCE=TRANSCRIPTOMIC,LIBRARY_SELECTION=cDNA,PAIRED_NOMINAL_LENGTH=200"	succeeded	0.97856352	0.711820535	0
HPSI0115i-aion_2	Illumina HiSeq 2500	ERR1743788	Feeder-free	30	male	"INSTRUMENT_PLATFORM=ILLUMINA,INSTRUMENT_MODEL=Illumina HiSeq 2500,LIBRARY_LAYOUT=PAIRED,LIBRARY_STRATEGY=RNA-Seq,LIBRARY_SOURCE=TRANSCRIPTOMIC,LIBRARY_SELECTION=cDNA,PAIRED_NOMINAL_LENGTH=200"	succeeded	0.97856352	0.711820535	0
HPSI0115i-aoxv_1	Illumina HiSeq 2500	ERR2039335	Feeder-free	8	female	"INSTRUMENT_PLATFORM=ILLUMINA,INSTRUMENT_MODEL=Illumina HiSeq 2500,LIBRARY_LAYOUT=PAIRED,LIBRARY_STRATEGY=RNA-Seq,LIBRARY_SOURCE=TRANSCRIPTOMIC,LIBRARY_SELECTION=cDNA,PAIRED_NOMINAL_LENGTH=200"	succeeded	0.996085747	0.221252183	2
HPSI0115i-aoxv_1	Illumina HiSeq 2500	ERR2039345	Feeder-free	8	female	"INSTRUMENT_PLATFORM=ILLUMINA,INSTRUMENT_MODEL=Illumina HiSeq 2500,LIBRARY_LAYOUT=PAIRED,LIBRARY_STRATEGY=RNA-Seq,LIBRARY_SOURCE=TRANSCRIPTOMIC,LIBRARY_SELECTION=cDNA,PAIRED_NOMINAL_LENGTH=200"	succeeded	0.996085747	0.221252183	2
HPSI0115i-bimq_4	Illumina HiSeq 2500	ERR2278244	Feeder-free	9	male	"INSTRUMENT_PLATFORM=ILLUMINA,INSTRUMENT_MODEL=Illumina HiSeq 2500,LIBRARY_LAYOUT=PAIRED,LIBRARY_STRATEGY=RNA-Seq,LIBRARY_SOURCE=TRANSCRIPTOMIC,LIBRARY_SELECTION=cDNA,PAIRED_NOMINAL_LENGTH=200"	failed	0.076644959	0.087628866	0
HPSI0115i-bimq_4	Illumina HiSeq 2500	ERR2278254	Feeder-free	9	male	"INSTRUMENT_PLATFORM=ILLUMINA,INSTRUMENT_MODEL=Illumina HiSeq 2500,LIBRARY_LAYOUT=PAIRED,LIBRARY_STRATEGY=RNA-Seq,LIBRARY_SOURCE=TRANSCRIPTOMIC,LIBRARY_SELECTION=cDNA,PAIRED_NOMINAL_LENGTH=200"	failed	0.076644959	0.087628866	0
HPSI0115i-boqx_2	Illumina HiSeq 2500	ERR2278292	Feeder-free	12	female	"INSTRUMENT_PLATFORM=ILLUMINA,INSTRUMENT_MODEL=Illumina HiSeq 2500,LIBRARY_LAYOUT=PAIRED,LIBRARY_STRATEGY=RNA-Seq,LIBRARY_SOURCE=TRANSCRIPTOMIC,LIBRARY_SELECTION=cDNA,PAIRED_NOMINAL_LENGTH=200"	succeeded	0.999586035	0.406844106	0
HPSI0115i-boqx_2	Illumina HiSeq 2500	ERR2278284	Feeder-free	12	female	"INSTRUMENT_PLATFORM=ILLUMINA,INSTRUMENT_MODEL=Illumina HiSeq 2500,LIBRARY_LAYOUT=PAIRED,LIBRARY_STRATEGY=RNA-Seq,LIBRARY_SOURCE=TRANSCRIPTOMIC,LIBRARY_SELECTION=cDNA,PAIRED_NOMINAL_LENGTH=200"	succeeded	0.999586035	0.406844106	0
HPSI0115i-gifk_1	Illumina HiSeq 2000	ERR1555114	Feeder-free	20	male	"INSTRUMENT_PLATFORM=ILLUMINA,INSTRUMENT_MODEL=Illumina HiSeq 2000,LIBRARY_LAYOUT=PAIRED,LIBRARY_STRATEGY=RNA-Seq,LIBRARY_SOURCE=TRANSCRIPTOMIC,LIBRARY_SELECTION=cDNA,PAIRED_NOMINAL_LENGTH=198"	succeeded	0.958296248	0.582901554	0
HPSI0115i-gifk_1	Illumina HiSeq 2000	ERR1594735	Feeder-free	20	male	"INSTRUMENT_PLATFORM=ILLUMINA,INSTRUMENT_MODEL=Illumina HiSeq 2000,LIBRARY_LAYOUT=PAIRED,LIBRARY_STRATEGY=RNA-Seq,LIBRARY_SOURCE=TRANSCRIPTOMIC,LIBRARY_SELECTION=cDNA,PAIRED_NOMINAL_LENGTH=202"	succeeded	0.958296248	0.582901554	0
HPSI0115i-gifk_1	Illumina HiSeq 2500	ERR1837030	Feeder-free	20	male	"INSTRUMENT_PLATFORM=ILLUMINA,INSTRUMENT_MODEL=Illumina HiSeq 2500,LIBRARY_LAYOUT=PAIRED,LIBRARY_STRATEGY=RNA-Seq,LIBRARY_SOURCE=TRANSCRIPTOMIC,LIBRARY_SELECTION=cDNA,PAIRED_NOMINAL_LENGTH=200"	succeeded	0.958296248	0.582901554	0
HPSI0115i-gifk_1	Illumina HiSeq 2500	ERR1837040	Feeder-free	20	male	"INSTRUMENT_PLATFORM=ILLUMINA,INSTRUMENT_MODEL=Illumina HiSeq 2500,LIBRARY_LAYOUT=PAIRED,LIBRARY_STRATEGY=RNA-Seq,LIBRARY_SOURCE=TRANSCRIPTOMIC,LIBRARY_SELECTION=cDNA,PAIRED_NOMINAL_LENGTH=200"	succeeded	0.958296248	0.582901554	0
HPSI0115i-gost_2	Illumina HiSeq 2500	ERR2039347	Feeder-free	9	male	"INSTRUMENT_PLATFORM=ILLUMINA,INSTRUMENT_MODEL=Illumina HiSeq 2500,LIBRARY_LAYOUT=PAIRED,LIBRARY_STRATEGY=RNA-Seq,LIBRARY_SOURCE=TRANSCRIPTOMIC,LIBRARY_SELECTION=cDNA,PAIRED_NOMINAL_LENGTH=200"	succeeded	0.995861997	0.783263598	1
HPSI0115i-gost_2	Illumina HiSeq 2500	ERR2039337	Feeder-free	9	male	"INSTRUMENT_PLATFORM=ILLUMINA,INSTRUMENT_MODEL=Illumina HiSeq 2500,LIBRARY_LAYOUT=PAIRED,LIBRARY_STRATEGY=RNA-Seq,LIBRARY_SOURCE=TRANSCRIPTOMIC,LIBRARY_SELECTION=cDNA,PAIRED_NOMINAL_LENGTH=200"	succeeded	0.995861997	0.783263598	1
HPSI0115i-hecn_6	Illumina HiSeq 2000	ERR1724698	Feeder-free	8	female	"INSTRUMENT_PLATFORM=ILLUMINA,INSTRUMENT_MODEL=Illumina HiSeq 2000,LIBRARY_LAYOUT=PAIRED,LIBRARY_STRATEGY=RNA-Seq,LIBRARY_SOURCE=TRANSCRIPTOMIC,LIBRARY_SELECTION=cDNA,PAIRED_NOMINAL_LENGTH=200"	succeeded	0.968704002	0.342271192	0
HPSI0115i-hecn_6	Illumina HiSeq 2500	ERR1823506	Feeder-free	8	female	"INSTRUMENT_PLATFORM=ILLUMINA,INSTRUMENT_MODEL=Illumina HiSeq 2500,LIBRARY_LAYOUT=PAIRED,LIBRARY_STRATEGY=RNA-Seq,LIBRARY_SOURCE=TRANSCRIPTOMIC,LIBRARY_SELECTION=cDNA,PAIRED_NOMINAL_LENGTH=200"	succeeded	0.968704002	0.342271192	0
HPSI0115i-iiyk_2	Illumina HiSeq 2000	ERR1724719	Feeder-free	8	female	"INSTRUMENT_PLATFORM=ILLUMINA,INSTRUMENT_MODEL=Illumina HiSeq 2000,LIBRARY_LAYOUT=PAIRED,LIBRARY_STRATEGY=RNA-Seq,LIBRARY_SOURCE=TRANSCRIPTOMIC,LIBRARY_SELECTION=cDNA,PAIRED_NOMINAL_LENGTH=200"	succeeded	0.980784162	0.606741573	0
HPSI0115i-iiyk_2	Illumina HiSeq 2500	ERR1743808	Feeder-free	8	female	"INSTRUMENT_PLATFORM=ILLUMINA,INSTRUMENT_MODEL=Illumina HiSeq 2500,LIBRARY_LAYOUT=PAIRED,LIBRARY_STRATEGY=RNA-Seq,LIBRARY_SOURCE=TRANSCRIPTOMIC,LIBRARY_SELECTION=cDNA,PAIRED_NOMINAL_LENGTH=200"	succeeded	0.980784162	0.606741573	0
HPSI0115i-iuad_2	Illumina HiSeq 2500	ERR2278246	Feeder-free	13	male	"INSTRUMENT_PLATFORM=ILLUMINA,INSTRUMENT_MODEL=Illumina HiSeq 2500,LIBRARY_LAYOUT=PAIRED,LIBRARY_STRATEGY=RNA-Seq,LIBRARY_SOURCE=TRANSCRIPTOMIC,LIBRARY_SELECTION=cDNA,PAIRED_NOMINAL_LENGTH=200"	succeeded	0.981402223	0.88845655	0
HPSI0115i-iuad_2	Illumina HiSeq 2500	ERR2278256	Feeder-free	13	male	"INSTRUMENT_PLATFORM=ILLUMINA,INSTRUMENT_MODEL=Illumina HiSeq 2500,LIBRARY_LAYOUT=PAIRED,LIBRARY_STRATEGY=RNA-Seq,LIBRARY_SOURCE=TRANSCRIPTOMIC,LIBRARY_SELECTION=cDNA,PAIRED_NOMINAL_LENGTH=200"	succeeded	0.981402223	0.88845655	0
HPSI0115i-jotn_2	Illumina HiSeq 2500	ERR2278317	Feeder-free	14	male	"INSTRUMENT_PLATFORM=ILLUMINA,INSTRUMENT_MODEL=Illumina HiSeq 2500,LIBRARY_LAYOUT=PAIRED,LIBRARY_STRATEGY=RNA-Seq,LIBRARY_SOURCE=TRANSCRIPTOMIC,LIBRARY_SELECTION=cDNA,PAIRED_NOMINAL_LENGTH=200"	succeeded	0.98870409	0.361664718	0
HPSI0115i-jotn_2	Illumina HiSeq 2500	ERR2278307	Feeder-free	14	male	"INSTRUMENT_PLATFORM=ILLUMINA,INSTRUMENT_MODEL=Illumina HiSeq 2500,LIBRARY_LAYOUT=PAIRED,LIBRARY_STRATEGY=RNA-Seq,LIBRARY_SOURCE=TRANSCRIPTOMIC,LIBRARY_SELECTION=cDNA,PAIRED_NOMINAL_LENGTH=200"	succeeded	0.98870409	0.361664718	0
HPSI0115i-kozf_1	Illumina HiSeq 2500	ERR2278259	Feeder-free	13	male	"INSTRUMENT_PLATFORM=ILLUMINA,INSTRUMENT_MODEL=Illumina HiSeq 2500,LIBRARY_LAYOUT=PAIRED,LIBRARY_STRATEGY=RNA-Seq,LIBRARY_SOURCE=TRANSCRIPTOMIC,LIBRARY_SELECTION=cDNA,PAIRED_NOMINAL_LENGTH=200"	failed	0.00670872	0.082170543	2
HPSI0115i-kozf_1	Illumina HiSeq 2500	ERR2278249	Feeder-free	13	male	"INSTRUMENT_PLATFORM=ILLUMINA,INSTRUMENT_MODEL=Illumina HiSeq 2500,LIBRARY_LAYOUT=PAIRED,LIBRARY_STRATEGY=RNA-Seq,LIBRARY_SOURCE=TRANSCRIPTOMIC,LIBRARY_SELECTION=cDNA,PAIRED_NOMINAL_LENGTH=200"	failed	0.00670872	0.082170543	2
HPSI0115i-melw_1	Illumina HiSeq 2000	ERR1555118	Feeder-free	20	male	"INSTRUMENT_PLATFORM=ILLUMINA,INSTRUMENT_MODEL=Illumina HiSeq 2000,LIBRARY_LAYOUT=PAIRED,LIBRARY_STRATEGY=RNA-Seq,LIBRARY_SOURCE=TRANSCRIPTOMIC,LIBRARY_SELECTION=cDNA,PAIRED_NOMINAL_LENGTH=183"	succeeded	0.950141974	0.428571429	0
HPSI0115i-melw_1	Illumina HiSeq 2000	ERR1594739	Feeder-free	20	male	"INSTRUMENT_PLATFORM=ILLUMINA,INSTRUMENT_MODEL=Illumina HiSeq 2000,LIBRARY_LAYOUT=PAIRED,LIBRARY_STRATEGY=RNA-Seq,LIBRARY_SOURCE=TRANSCRIPTOMIC,LIBRARY_SELECTION=cDNA,PAIRED_NOMINAL_LENGTH=185"	succeeded	0.950141974	0.428571429	0
HPSI0115i-melw_1	Illumina HiSeq 2500	ERR1837034	Feeder-free	20	male	"INSTRUMENT_PLATFORM=ILLUMINA,INSTRUMENT_MODEL=Illumina HiSeq 2500,LIBRARY_LAYOUT=PAIRED,LIBRARY_STRATEGY=RNA-Seq,LIBRARY_SOURCE=TRANSCRIPTOMIC,LIBRARY_SELECTION=cDNA,PAIRED_NOMINAL_LENGTH=200"	succeeded	0.950141974	0.428571429	0
HPSI0115i-melw_1	Illumina HiSeq 2500	ERR1837044	Feeder-free	20	male	"INSTRUMENT_PLATFORM=ILLUMINA,INSTRUMENT_MODEL=Illumina HiSeq 2500,LIBRARY_LAYOUT=PAIRED,LIBRARY_STRATEGY=RNA-Seq,LIBRARY_SOURCE=TRANSCRIPTOMIC,LIBRARY_SELECTION=cDNA,PAIRED_NOMINAL_LENGTH=200"	succeeded	0.950141974	0.428571429	0
HPSI0115i-paim_1	Illumina HiSeq 2500	ERR2039328	Feeder-dependent	9	male	"INSTRUMENT_PLATFORM=ILLUMINA,INSTRUMENT_MODEL=Illumina HiSeq 2500,LIBRARY_LAYOUT=PAIRED,LIBRARY_STRATEGY=RNA-Seq,LIBRARY_SOURCE=TRANSCRIPTOMIC,LIBRARY_SELECTION=cDNA,PAIRED_NOMINAL_LENGTH=200"	succeeded	0.983903666	0.539401287	0
HPSI0115i-paim_1	Illumina HiSeq 2500	ERR2039318	Feeder-dependent	9	male	"INSTRUMENT_PLATFORM=ILLUMINA,INSTRUMENT_MODEL=Illumina HiSeq 2500,LIBRARY_LAYOUT=PAIRED,LIBRARY_STRATEGY=RNA-Seq,LIBRARY_SOURCE=TRANSCRIPTOMIC,LIBRARY_SELECTION=cDNA,PAIRED_NOMINAL_LENGTH=200"	succeeded	0.983903666	0.539401287	0
HPSI0115i-pitg_2	Illumina HiSeq 2500	ERR2278342	Feeder-free	8	female	"INSTRUMENT_PLATFORM=ILLUMINA,INSTRUMENT_MODEL=Illumina HiSeq 2500,LIBRARY_LAYOUT=PAIRED,LIBRARY_STRATEGY=RNA-Seq,LIBRARY_SOURCE=TRANSCRIPTOMIC,LIBRARY_SELECTION=cDNA,PAIRED_NOMINAL_LENGTH=200"	succeeded	0.978681586	0.625	0
HPSI0115i-pitg_2	Illumina HiSeq 2500	ERR2278345	Feeder-free	8	female	"INSTRUMENT_PLATFORM=ILLUMINA,INSTRUMENT_MODEL=Illumina HiSeq 2500,LIBRARY_LAYOUT=PAIRED,LIBRARY_STRATEGY=RNA-Seq,LIBRARY_SOURCE=TRANSCRIPTOMIC,LIBRARY_SELECTION=cDNA,PAIRED_NOMINAL_LENGTH=200"	succeeded	0.978681586	0.625	0
HPSI0115i-qecv_2	Illumina HiSeq 2500	ERR2278339	Feeder-free	14	female	"INSTRUMENT_PLATFORM=ILLUMINA,INSTRUMENT_MODEL=Illumina HiSeq 2500,LIBRARY_LAYOUT=PAIRED,LIBRARY_STRATEGY=RNA-Seq,LIBRARY_SOURCE=TRANSCRIPTOMIC,LIBRARY_SELECTION=cDNA,PAIRED_NOMINAL_LENGTH=200"	succeeded	0.994517665	0.476686508	1
HPSI0115i-qecv_2	Illumina HiSeq 2500	ERR2278333	Feeder-free	14	female	"INSTRUMENT_PLATFORM=ILLUMINA,INSTRUMENT_MODEL=Illumina HiSeq 2500,LIBRARY_LAYOUT=PAIRED,LIBRARY_STRATEGY=RNA-Seq,LIBRARY_SOURCE=TRANSCRIPTOMIC,LIBRARY_SELECTION=cDNA,PAIRED_NOMINAL_LENGTH=200"	succeeded	0.994517665	0.476686508	1
HPSI0115i-quze_6	Illumina HiSeq 2500	ERR2278322	Feeder-free	7	female	"INSTRUMENT_PLATFORM=ILLUMINA,INSTRUMENT_MODEL=Illumina HiSeq 2500,LIBRARY_LAYOUT=PAIRED,LIBRARY_STRATEGY=RNA-Seq,LIBRARY_SOURCE=TRANSCRIPTOMIC,LIBRARY_SELECTION=cDNA,PAIRED_NOMINAL_LENGTH=200"	succeeded	0.945029065	0.360759494	0
HPSI0115i-quze_6	Illumina HiSeq 2500	ERR2278327	Feeder-free	7	female	"INSTRUMENT_PLATFORM=ILLUMINA,INSTRUMENT_MODEL=Illumina HiSeq 2500,LIBRARY_LAYOUT=PAIRED,LIBRARY_STRATEGY=RNA-Seq,LIBRARY_SOURCE=TRANSCRIPTOMIC,LIBRARY_SELECTION=cDNA,PAIRED_NOMINAL_LENGTH=200"	succeeded	0.945029065	0.360759494	0
HPSI0115i-sehp_2	Illumina HiSeq 2500	ERR2278269	Feeder-free	9	female	"INSTRUMENT_PLATFORM=ILLUMINA,INSTRUMENT_MODEL=Illumina HiSeq 2500,LIBRARY_LAYOUT=PAIRED,LIBRARY_STRATEGY=RNA-Seq,LIBRARY_SOURCE=TRANSCRIPTOMIC,LIBRARY_SELECTION=cDNA,PAIRED_NOMINAL_LENGTH=200"	succeeded	0.939051252	0.781919112	0
HPSI0115i-sehp_2	Illumina HiSeq 2500	ERR2278279	Feeder-free	9	female	"INSTRUMENT_PLATFORM=ILLUMINA,INSTRUMENT_MODEL=Illumina HiSeq 2500,LIBRARY_LAYOUT=PAIRED,LIBRARY_STRATEGY=RNA-Seq,LIBRARY_SOURCE=TRANSCRIPTOMIC,LIBRARY_SELECTION=cDNA,PAIRED_NOMINAL_LENGTH=200"	succeeded	0.939051252	0.781919112	0
HPSI0115i-tiku_3	Illumina HiSeq 2500	ERR2278323	Feeder-free	13	male	"INSTRUMENT_PLATFORM=ILLUMINA,INSTRUMENT_MODEL=Illumina HiSeq 2500,LIBRARY_LAYOUT=PAIRED,LIBRARY_STRATEGY=RNA-Seq,LIBRARY_SOURCE=TRANSCRIPTOMIC,LIBRARY_SELECTION=cDNA,PAIRED_NOMINAL_LENGTH=200"	succeeded	0.987344146	0.507303552	0
HPSI0115i-tiku_3	Illumina HiSeq 2500	ERR2278328	Feeder-free	13	male	"INSTRUMENT_PLATFORM=ILLUMINA,INSTRUMENT_MODEL=Illumina HiSeq 2500,LIBRARY_LAYOUT=PAIRED,LIBRARY_STRATEGY=RNA-Seq,LIBRARY_SOURCE=TRANSCRIPTOMIC,LIBRARY_SELECTION=cDNA,PAIRED_NOMINAL_LENGTH=200"	succeeded	0.987344146	0.507303552	0
HPSI0115i-timk_4	Illumina HiSeq 2500	ERR2278295	Feeder-free	10	female	"INSTRUMENT_PLATFORM=ILLUMINA,INSTRUMENT_MODEL=Illumina HiSeq 2500,LIBRARY_LAYOUT=PAIRED,LIBRARY_STRATEGY=RNA-Seq,LIBRARY_SOURCE=TRANSCRIPTOMIC,LIBRARY_SELECTION=cDNA,PAIRED_NOMINAL_LENGTH=200"	failed	0.069749258	0.042008978	0
HPSI0115i-timk_4	Illumina HiSeq 2500	ERR2278287	Feeder-free	10	female	"INSTRUMENT_PLATFORM=ILLUMINA,INSTRUMENT_MODEL=Illumina HiSeq 2500,LIBRARY_LAYOUT=PAIRED,LIBRARY_STRATEGY=RNA-Seq,LIBRARY_SOURCE=TRANSCRIPTOMIC,LIBRARY_SELECTION=cDNA,PAIRED_NOMINAL_LENGTH=200"	failed	0.069749258	0.042008978	0
HPSI0115i-uupc_2	Illumina HiSeq 2500	ERR2278290	Feeder-free	12	female	"INSTRUMENT_PLATFORM=ILLUMINA,INSTRUMENT_MODEL=Illumina HiSeq 2500,LIBRARY_LAYOUT=PAIRED,LIBRARY_STRATEGY=RNA-Seq,LIBRARY_SOURCE=TRANSCRIPTOMIC,LIBRARY_SELECTION=cDNA,PAIRED_NOMINAL_LENGTH=200"	succeeded	0.991686407	0.666666667	2
HPSI0115i-uupc_2	Illumina HiSeq 2500	ERR2278298	Feeder-free	12	female	"INSTRUMENT_PLATFORM=ILLUMINA,INSTRUMENT_MODEL=Illumina HiSeq 2500,LIBRARY_LAYOUT=PAIRED,LIBRARY_STRATEGY=RNA-Seq,LIBRARY_SOURCE=TRANSCRIPTOMIC,LIBRARY_SELECTION=cDNA,PAIRED_NOMINAL_LENGTH=200"	succeeded	0.991686407	0.666666667	2
HPSI0115i-zihe_1	Illumina HiSeq 2000	ERR1594734	Feeder-free	19	female	"INSTRUMENT_PLATFORM=ILLUMINA,INSTRUMENT_MODEL=Illumina HiSeq 2000,LIBRARY_LAYOUT=PAIRED,LIBRARY_STRATEGY=RNA-Seq,LIBRARY_SOURCE=TRANSCRIPTOMIC,LIBRARY_SELECTION=cDNA,PAIRED_NOMINAL_LENGTH=186"	failed	0.103698736	0.026455026	0
HPSI0115i-zihe_1	Illumina HiSeq 2000	ERR1555113	Feeder-free	19	female	"INSTRUMENT_PLATFORM=ILLUMINA,INSTRUMENT_MODEL=Illumina HiSeq 2000,LIBRARY_LAYOUT=PAIRED,LIBRARY_STRATEGY=RNA-Seq,LIBRARY_SOURCE=TRANSCRIPTOMIC,LIBRARY_SELECTION=cDNA,PAIRED_NOMINAL_LENGTH=188"	failed	0.103698736	0.026455026	0
HPSI0115i-zihe_1	Illumina HiSeq 2500	ERR1837039	Feeder-free	19	female	"INSTRUMENT_PLATFORM=ILLUMINA,INSTRUMENT_MODEL=Illumina HiSeq 2500,LIBRARY_LAYOUT=PAIRED,LIBRARY_STRATEGY=RNA-Seq,LIBRARY_SOURCE=TRANSCRIPTOMIC,LIBRARY_SELECTION=cDNA,PAIRED_NOMINAL_LENGTH=200"	failed	0.103698736	0.026455026	0
HPSI0115i-zihe_1	Illumina HiSeq 2500	ERR1837029	Feeder-free	19	female	"INSTRUMENT_PLATFORM=ILLUMINA,INSTRUMENT_MODEL=Illumina HiSeq 2500,LIBRARY_LAYOUT=PAIRED,LIBRARY_STRATEGY=RNA-Seq,LIBRARY_SOURCE=TRANSCRIPTOMIC,LIBRARY_SELECTION=cDNA,PAIRED_NOMINAL_LENGTH=200"	failed	0.103698736	0.026455026	0
HPSI0214i-datg_2	Illumina HiSeq 2000	ERR1243472	Feeder-free	16	female	"INSTRUMENT_PLATFORM=ILLUMINA,INSTRUMENT_MODEL=Illumina HiSeq 2000,LIBRARY_LAYOUT=PAIRED,LIBRARY_STRATEGY=RNA-Seq,LIBRARY_SOURCE=TRANSCRIPTOMIC,LIBRARY_SELECTION=cDNA,PAIRED_NOMINAL_LENGTH=200"	succeeded	0.99444769	0.442991632	0
HPSI0214i-datg_2	Illumina HiSeq 2000	ERR1203469	Feeder-free	16	female	"INSTRUMENT_PLATFORM=ILLUMINA,INSTRUMENT_MODEL=Illumina HiSeq 2000,LIBRARY_LAYOUT=PAIRED,LIBRARY_STRATEGY=RNA-Seq,LIBRARY_SOURCE=TRANSCRIPTOMIC,LIBRARY_SELECTION=cDNA,PAIRED_NOMINAL_LENGTH=200"	succeeded	0.99444769	0.442991632	0
HPSI0214i-eiwy_1	Illumina HiSeq 2000	ERR1243458	Feeder-free	16	female	"INSTRUMENT_PLATFORM=ILLUMINA,INSTRUMENT_MODEL=Illumina HiSeq 2000,LIBRARY_LAYOUT=PAIRED,LIBRARY_STRATEGY=RNA-Seq,LIBRARY_SOURCE=TRANSCRIPTOMIC,LIBRARY_SELECTION=cDNA,PAIRED_NOMINAL_LENGTH=200"	succeeded	0.963246145	0.601204819	0
HPSI0214i-eiwy_1	Illumina HiSeq 2000	ERR1203455	Feeder-free	16	female	"INSTRUMENT_PLATFORM=ILLUMINA,INSTRUMENT_MODEL=Illumina HiSeq 2000,LIBRARY_LAYOUT=PAIRED,LIBRARY_STRATEGY=RNA-Seq,LIBRARY_SOURCE=TRANSCRIPTOMIC,LIBRARY_SELECTION=cDNA,PAIRED_NOMINAL_LENGTH=200"	succeeded	0.963246145	0.601204819	0
HPSI0214i-feec_2	Illumina HiSeq 2000	ERR1629686	Feeder-free	35	male	"INSTRUMENT_PLATFORM=ILLUMINA,INSTRUMENT_MODEL=Illumina HiSeq 2000,LIBRARY_LAYOUT=PAIRED,LIBRARY_STRATEGY=RNA-Seq,LIBRARY_SOURCE=TRANSCRIPTOMIC,LIBRARY_SELECTION=cDNA,PAIRED_NOMINAL_LENGTH=200"	failed	0.000198094	0.042671863	1
HPSI0214i-feec_2	Illumina HiSeq 2000	ERR1629676	Feeder-free	35	male	"INSTRUMENT_PLATFORM=ILLUMINA,INSTRUMENT_MODEL=Illumina HiSeq 2000,LIBRARY_LAYOUT=PAIRED,LIBRARY_STRATEGY=RNA-Seq,LIBRARY_SOURCE=TRANSCRIPTOMIC,LIBRARY_SELECTION=cDNA,PAIRED_NOMINAL_LENGTH=200"	failed	0.000198094	0.042671863	1
HPSI0214i-giju_3	Illumina HiSeq 2000	ERR1555099	Feeder-free	10	female	"INSTRUMENT_PLATFORM=ILLUMINA,INSTRUMENT_MODEL=Illumina HiSeq 2000,LIBRARY_LAYOUT=PAIRED,LIBRARY_STRATEGY=RNA-Seq,LIBRARY_SOURCE=TRANSCRIPTOMIC,LIBRARY_SELECTION=cDNA,PAIRED_NOMINAL_LENGTH=188"	succeeded	0.981586305	0.80407701	0
HPSI0214i-giju_3	Illumina HiSeq 2000	ERR1555109	Feeder-free	10	female	"INSTRUMENT_PLATFORM=ILLUMINA,INSTRUMENT_MODEL=Illumina HiSeq 2000,LIBRARY_LAYOUT=PAIRED,LIBRARY_STRATEGY=RNA-Seq,LIBRARY_SOURCE=TRANSCRIPTOMIC,LIBRARY_SELECTION=cDNA,PAIRED_NOMINAL_LENGTH=189"	succeeded	0.981586305	0.80407701	0
HPSI0214i-giju_3	Illumina HiSeq 2500	ERR1837005	Feeder-free	10	female	"INSTRUMENT_PLATFORM=ILLUMINA,INSTRUMENT_MODEL=Illumina HiSeq 2500,LIBRARY_LAYOUT=PAIRED,LIBRARY_STRATEGY=RNA-Seq,LIBRARY_SOURCE=TRANSCRIPTOMIC,LIBRARY_SELECTION=cDNA,PAIRED_NOMINAL_LENGTH=200"	succeeded	0.981586305	0.80407701	0
HPSI0214i-giju_3	Illumina HiSeq 2500	ERR1836995	Feeder-free	10	female	"INSTRUMENT_PLATFORM=ILLUMINA,INSTRUMENT_MODEL=Illumina HiSeq 2500,LIBRARY_LAYOUT=PAIRED,LIBRARY_STRATEGY=RNA-Seq,LIBRARY_SOURCE=TRANSCRIPTOMIC,LIBRARY_SELECTION=cDNA,PAIRED_NOMINAL_LENGTH=200"	succeeded	0.981586305	0.80407701	0
HPSI0214i-heth_1	Illumina HiSeq 2000	ERR1203458	Feeder-free	32	female	"INSTRUMENT_PLATFORM=ILLUMINA,INSTRUMENT_MODEL=Illumina HiSeq 2000,LIBRARY_LAYOUT=PAIRED,LIBRARY_STRATEGY=RNA-Seq,LIBRARY_SOURCE=TRANSCRIPTOMIC,LIBRARY_SELECTION=cDNA,PAIRED_NOMINAL_LENGTH=200"	failed	0.057221888	0.033268276	0
HPSI0214i-heth_1	Illumina HiSeq 2000	ERR1243461	Feeder-free	32	female	"INSTRUMENT_PLATFORM=ILLUMINA,INSTRUMENT_MODEL=Illumina HiSeq 2000,LIBRARY_LAYOUT=PAIRED,LIBRARY_STRATEGY=RNA-Seq,LIBRARY_SOURCE=TRANSCRIPTOMIC,LIBRARY_SELECTION=cDNA,PAIRED_NOMINAL_LENGTH=200"	failed	0.057221888	0.033268276	0
HPSI0214i-kucg_2	Illumina HiSeq 2000	ERR914286	Feeder-free	25	male	"INSTRUMENT_PLATFORM=ILLUMINA,INSTRUMENT_MODEL=Illumina HiSeq 2000,LIBRARY_LAYOUT=PAIRED,LIBRARY_STRATEGY=RNA-Seq,LIBRARY_SOURCE=TRANSCRIPTOMIC,LIBRARY_SELECTION=cDNA,PAIRED_NOMINAL_LENGTH=550"	failed	0.11421428	0.08373436	0
HPSI0214i-kucg_2	Illumina HiSeq 2000	ERR914322	Feeder-free	25	male	"INSTRUMENT_PLATFORM=ILLUMINA,INSTRUMENT_MODEL=Illumina HiSeq 2000,LIBRARY_LAYOUT=PAIRED,LIBRARY_STRATEGY=RNA-Seq,LIBRARY_SOURCE=TRANSCRIPTOMIC,LIBRARY_SELECTION=cDNA,PAIRED_NOMINAL_LENGTH=550"	failed	0.11421428	0.08373436	0
HPSI0214i-pelm_3	Illumina HiSeq 2000	ERR914345	Feeder-free	29	female	"INSTRUMENT_PLATFORM=ILLUMINA,INSTRUMENT_MODEL=Illumina HiSeq 2000,LIBRARY_LAYOUT=PAIRED,LIBRARY_STRATEGY=RNA-Seq,LIBRARY_SOURCE=TRANSCRIPTOMIC,LIBRARY_SELECTION=cDNA,PAIRED_NOMINAL_LENGTH=550"	succeeded	0.960937812	0.593982528	2
HPSI0214i-pelm_3	Illumina HiSeq 2000	ERR914309	Feeder-free	29	female	"INSTRUMENT_PLATFORM=ILLUMINA,INSTRUMENT_MODEL=Illumina HiSeq 2000,LIBRARY_LAYOUT=PAIRED,LIBRARY_STRATEGY=RNA-Seq,LIBRARY_SOURCE=TRANSCRIPTOMIC,LIBRARY_SELECTION=cDNA,PAIRED_NOMINAL_LENGTH=550"	succeeded	0.960937812	0.593982528	2
HPSI0214i-poih_2	Illumina HiSeq 2000	ERR1629713	Feeder-free	18	female	"INSTRUMENT_PLATFORM=ILLUMINA,INSTRUMENT_MODEL=Illumina HiSeq 2000,LIBRARY_LAYOUT=PAIRED,LIBRARY_STRATEGY=RNA-Seq,LIBRARY_SOURCE=TRANSCRIPTOMIC,LIBRARY_SELECTION=cDNA,PAIRED_NOMINAL_LENGTH=200"	succeeded	0.969165919	0.660213244	0
HPSI0214i-poih_2	Illumina HiSeq 2000	ERR1629703	Feeder-free	18	female	"INSTRUMENT_PLATFORM=ILLUMINA,INSTRUMENT_MODEL=Illumina HiSeq 2000,LIBRARY_LAYOUT=PAIRED,LIBRARY_STRATEGY=RNA-Seq,LIBRARY_SOURCE=TRANSCRIPTOMIC,LIBRARY_SELECTION=cDNA,PAIRED_NOMINAL_LENGTH=200"	succeeded	0.969165919	0.660213244	0
HPSI0214i-rayr_1	Illumina HiSeq 2000	ERR1203470	Feeder-free	22	male	"INSTRUMENT_PLATFORM=ILLUMINA,INSTRUMENT_MODEL=Illumina HiSeq 2000,LIBRARY_LAYOUT=PAIRED,LIBRARY_STRATEGY=RNA-Seq,LIBRARY_SOURCE=TRANSCRIPTOMIC,LIBRARY_SELECTION=cDNA,PAIRED_NOMINAL_LENGTH=200"	succeeded	0.964441351	0.711790393	0
HPSI0214i-rayr_1	Illumina HiSeq 2000	ERR1243473	Feeder-free	22	male	"INSTRUMENT_PLATFORM=ILLUMINA,INSTRUMENT_MODEL=Illumina HiSeq 2000,LIBRARY_LAYOUT=PAIRED,LIBRARY_STRATEGY=RNA-Seq,LIBRARY_SOURCE=TRANSCRIPTOMIC,LIBRARY_SELECTION=cDNA,PAIRED_NOMINAL_LENGTH=200"	succeeded	0.964441351	0.711790393	0
HPSI0215i-deyz_2	Illumina HiSeq 2000	ERR1555122	Feeder-free	20	female	"INSTRUMENT_PLATFORM=ILLUMINA,INSTRUMENT_MODEL=Illumina HiSeq 2000,LIBRARY_LAYOUT=PAIRED,LIBRARY_STRATEGY=RNA-Seq,LIBRARY_SOURCE=TRANSCRIPTOMIC,LIBRARY_SELECTION=cDNA,PAIRED_NOMINAL_LENGTH=188"	succeeded	0.980743396	0.616639051	0
HPSI0215i-deyz_2	Illumina HiSeq 2000	ERR1594743	Feeder-free	20	female	"INSTRUMENT_PLATFORM=ILLUMINA,INSTRUMENT_MODEL=Illumina HiSeq 2000,LIBRARY_LAYOUT=PAIRED,LIBRARY_STRATEGY=RNA-Seq,LIBRARY_SOURCE=TRANSCRIPTOMIC,LIBRARY_SELECTION=cDNA,PAIRED_NOMINAL_LENGTH=188"	succeeded	0.980743396	0.616639051	0
HPSI0215i-deyz_2	Illumina HiSeq 2500	ERR1837038	Feeder-free	20	female	"INSTRUMENT_PLATFORM=ILLUMINA,INSTRUMENT_MODEL=Illumina HiSeq 2500,LIBRARY_LAYOUT=PAIRED,LIBRARY_STRATEGY=RNA-Seq,LIBRARY_SOURCE=TRANSCRIPTOMIC,LIBRARY_SELECTION=cDNA,PAIRED_NOMINAL_LENGTH=200"	succeeded	0.980743396	0.616639051	0
HPSI0215i-deyz_2	Illumina HiSeq 2500	ERR1837048	Feeder-free	20	female	"INSTRUMENT_PLATFORM=ILLUMINA,INSTRUMENT_MODEL=Illumina HiSeq 2500,LIBRARY_LAYOUT=PAIRED,LIBRARY_STRATEGY=RNA-Seq,LIBRARY_SOURCE=TRANSCRIPTOMIC,LIBRARY_SELECTION=cDNA,PAIRED_NOMINAL_LENGTH=200"	succeeded	0.980743396	0.616639051	0
HPSI0215i-fawm_2	Illumina HiSeq 2000	ERR1629677	Feeder-free	18	female	"INSTRUMENT_PLATFORM=ILLUMINA,INSTRUMENT_MODEL=Illumina HiSeq 2000,LIBRARY_LAYOUT=PAIRED,LIBRARY_STRATEGY=RNA-Seq,LIBRARY_SOURCE=TRANSCRIPTOMIC,LIBRARY_SELECTION=cDNA,PAIRED_NOMINAL_LENGTH=200"	succeeded	0.997157779	0.808106396	1
HPSI0215i-fawm_2	Illumina HiSeq 2000	ERR1629687	Feeder-free	18	female	"INSTRUMENT_PLATFORM=ILLUMINA,INSTRUMENT_MODEL=Illumina HiSeq 2000,LIBRARY_LAYOUT=PAIRED,LIBRARY_STRATEGY=RNA-Seq,LIBRARY_SOURCE=TRANSCRIPTOMIC,LIBRARY_SELECTION=cDNA,PAIRED_NOMINAL_LENGTH=200"	succeeded	0.997157779	0.808106396	1
HPSI0215i-hipn_1	Illumina HiSeq 2000	ERR1594732	Feeder-free	13	male	"INSTRUMENT_PLATFORM=ILLUMINA,INSTRUMENT_MODEL=Illumina HiSeq 2000,LIBRARY_LAYOUT=PAIRED,LIBRARY_STRATEGY=RNA-Seq,LIBRARY_SOURCE=TRANSCRIPTOMIC,LIBRARY_SELECTION=cDNA,PAIRED_NOMINAL_LENGTH=184"	succeeded	0.985713415	0.36828918	0
HPSI0215i-hipn_1	Illumina HiSeq 2000	ERR1594722	Feeder-free	13	male	"INSTRUMENT_PLATFORM=ILLUMINA,INSTRUMENT_MODEL=Illumina HiSeq 2000,LIBRARY_LAYOUT=PAIRED,LIBRARY_STRATEGY=RNA-Seq,LIBRARY_SOURCE=TRANSCRIPTOMIC,LIBRARY_SELECTION=cDNA,PAIRED_NOMINAL_LENGTH=185"	succeeded	0.985713415	0.36828918	0
HPSI0215i-hipn_1	Illumina HiSeq 2500	ERR1837017	Feeder-free	13	male	"INSTRUMENT_PLATFORM=ILLUMINA,INSTRUMENT_MODEL=Illumina HiSeq 2500,LIBRARY_LAYOUT=PAIRED,LIBRARY_STRATEGY=RNA-Seq,LIBRARY_SOURCE=TRANSCRIPTOMIC,LIBRARY_SELECTION=cDNA,PAIRED_NOMINAL_LENGTH=200"	succeeded	0.985713415	0.36828918	0
HPSI0215i-hipn_1	Illumina HiSeq 2500	ERR1837027	Feeder-free	13	male	"INSTRUMENT_PLATFORM=ILLUMINA,INSTRUMENT_MODEL=Illumina HiSeq 2500,LIBRARY_LAYOUT=PAIRED,LIBRARY_STRATEGY=RNA-Seq,LIBRARY_SOURCE=TRANSCRIPTOMIC,LIBRARY_SELECTION=cDNA,PAIRED_NOMINAL_LENGTH=200"	succeeded	0.985713415	0.36828918	0
HPSI0215i-oilg_1	Illumina HiSeq 2000	ERR1629709	Feeder-free	15	male	"INSTRUMENT_PLATFORM=ILLUMINA,INSTRUMENT_MODEL=Illumina HiSeq 2000,LIBRARY_LAYOUT=PAIRED,LIBRARY_STRATEGY=RNA-Seq,LIBRARY_SOURCE=TRANSCRIPTOMIC,LIBRARY_SELECTION=cDNA,PAIRED_NOMINAL_LENGTH=200"	failed	3.78284E-06	0.066198596	0
HPSI0215i-oilg_1	Illumina HiSeq 2000	ERR1629699	Feeder-free	15	male	"INSTRUMENT_PLATFORM=ILLUMINA,INSTRUMENT_MODEL=Illumina HiSeq 2000,LIBRARY_LAYOUT=PAIRED,LIBRARY_STRATEGY=RNA-Seq,LIBRARY_SOURCE=TRANSCRIPTOMIC,LIBRARY_SELECTION=cDNA,PAIRED_NOMINAL_LENGTH=200"	failed	3.78284E-06	0.066198596	0
HPSI0215i-romx_1	Illumina HiSeq 2500	ERR2278277	Feeder-free	10	male	"INSTRUMENT_PLATFORM=ILLUMINA,INSTRUMENT_MODEL=Illumina HiSeq 2500,LIBRARY_LAYOUT=PAIRED,LIBRARY_STRATEGY=RNA-Seq,LIBRARY_SOURCE=TRANSCRIPTOMIC,LIBRARY_SELECTION=cDNA,PAIRED_NOMINAL_LENGTH=200"	failed	0.088454456	0.082214765	0
HPSI0215i-romx_1	Illumina HiSeq 2500	ERR2278267	Feeder-free	10	male	"INSTRUMENT_PLATFORM=ILLUMINA,INSTRUMENT_MODEL=Illumina HiSeq 2500,LIBRARY_LAYOUT=PAIRED,LIBRARY_STRATEGY=RNA-Seq,LIBRARY_SOURCE=TRANSCRIPTOMIC,LIBRARY_SELECTION=cDNA,PAIRED_NOMINAL_LENGTH=200"	failed	0.088454456	0.082214765	0
HPSI0215i-uiao_2	Illumina HiSeq 2500	ERR2278289	Feeder-free	10	female	"INSTRUMENT_PLATFORM=ILLUMINA,INSTRUMENT_MODEL=Illumina HiSeq 2500,LIBRARY_LAYOUT=PAIRED,LIBRARY_STRATEGY=RNA-Seq,LIBRARY_SOURCE=TRANSCRIPTOMIC,LIBRARY_SELECTION=cDNA,PAIRED_NOMINAL_LENGTH=200"	succeeded	0.988368546	0.314568673	2
HPSI0215i-uiao_2	Illumina HiSeq 2500	ERR2278297	Feeder-free	10	female	"INSTRUMENT_PLATFORM=ILLUMINA,INSTRUMENT_MODEL=Illumina HiSeq 2500,LIBRARY_LAYOUT=PAIRED,LIBRARY_STRATEGY=RNA-Seq,LIBRARY_SOURCE=TRANSCRIPTOMIC,LIBRARY_SELECTION=cDNA,PAIRED_NOMINAL_LENGTH=200"	succeeded	0.988368546	0.314568673	2
HPSI0215i-yoch_6	Illumina HiSeq 2000	ERR1724706	Feeder-free	36	female	"INSTRUMENT_PLATFORM=ILLUMINA,INSTRUMENT_MODEL=Illumina HiSeq 2000,LIBRARY_LAYOUT=PAIRED,LIBRARY_STRATEGY=RNA-Seq,LIBRARY_SOURCE=TRANSCRIPTOMIC,LIBRARY_SELECTION=cDNA,PAIRED_NOMINAL_LENGTH=200"	failed	0.001194956	0.02979066	0
HPSI0215i-yoch_6	Illumina HiSeq 2500	ERR1743795	Feeder-free	36	female	"INSTRUMENT_PLATFORM=ILLUMINA,INSTRUMENT_MODEL=Illumina HiSeq 2500,LIBRARY_LAYOUT=PAIRED,LIBRARY_STRATEGY=RNA-Seq,LIBRARY_SOURCE=TRANSCRIPTOMIC,LIBRARY_SELECTION=cDNA,PAIRED_NOMINAL_LENGTH=200"	failed	0.001194956	0.02979066	0
HPSI0215i-zett_5	Illumina HiSeq 2500	ERR1903399	Feeder-free	13	female	"INSTRUMENT_PLATFORM=ILLUMINA,INSTRUMENT_MODEL=Illumina HiSeq 2500,LIBRARY_LAYOUT=PAIRED,LIBRARY_STRATEGY=RNA-Seq,LIBRARY_SOURCE=TRANSCRIPTOMIC,LIBRARY_SELECTION=cDNA,PAIRED_NOMINAL_LENGTH=200"	succeeded	0.986440914	0.851707438	0
HPSI0215i-zett_5	Illumina HiSeq 2500	ERR1903394	Feeder-free	13	female	"INSTRUMENT_PLATFORM=ILLUMINA,INSTRUMENT_MODEL=Illumina HiSeq 2500,LIBRARY_LAYOUT=PAIRED,LIBRARY_STRATEGY=RNA-Seq,LIBRARY_SOURCE=TRANSCRIPTOMIC,LIBRARY_SELECTION=cDNA,PAIRED_NOMINAL_LENGTH=200"	succeeded	0.986440914	0.851707438	0
HPSI0314i-bubh_3	Illumina HiSeq 2000	ERR914333	Feeder-free	27	female	"INSTRUMENT_PLATFORM=ILLUMINA,INSTRUMENT_MODEL=Illumina HiSeq 2000,LIBRARY_LAYOUT=PAIRED,LIBRARY_STRATEGY=RNA-Seq,LIBRARY_SOURCE=TRANSCRIPTOMIC,LIBRARY_SELECTION=cDNA,PAIRED_NOMINAL_LENGTH=550"	failed	0.000985965	0.061016949	0
HPSI0314i-bubh_3	Illumina HiSeq 2000	ERR914297	Feeder-free	27	female	"INSTRUMENT_PLATFORM=ILLUMINA,INSTRUMENT_MODEL=Illumina HiSeq 2000,LIBRARY_LAYOUT=PAIRED,LIBRARY_STRATEGY=RNA-Seq,LIBRARY_SOURCE=TRANSCRIPTOMIC,LIBRARY_SELECTION=cDNA,PAIRED_NOMINAL_LENGTH=550"	failed	0.000985965	0.061016949	0
HPSI0314i-cuhk_2	Illumina HiSeq 2000	ERR914316	Feeder-free	26	female	"INSTRUMENT_PLATFORM=ILLUMINA,INSTRUMENT_MODEL=Illumina HiSeq 2000,LIBRARY_LAYOUT=PAIRED,LIBRARY_STRATEGY=RNA-Seq,LIBRARY_SOURCE=TRANSCRIPTOMIC,LIBRARY_SELECTION=cDNA,PAIRED_NOMINAL_LENGTH=550"	failed	0.077700674	0.157566638	0
HPSI0314i-cuhk_2	Illumina HiSeq 2000	ERR914280	Feeder-free	26	female	"INSTRUMENT_PLATFORM=ILLUMINA,INSTRUMENT_MODEL=Illumina HiSeq 2000,LIBRARY_LAYOUT=PAIRED,LIBRARY_STRATEGY=RNA-Seq,LIBRARY_SOURCE=TRANSCRIPTOMIC,LIBRARY_SELECTION=cDNA,PAIRED_NOMINAL_LENGTH=550"	failed	0.077700674	0.157566638	0
HPSI0314i-qaqx_1	Illumina HiSeq 2000	ERR914305	Feeder-free	27	female	"INSTRUMENT_PLATFORM=ILLUMINA,INSTRUMENT_MODEL=Illumina HiSeq 2000,LIBRARY_LAYOUT=PAIRED,LIBRARY_STRATEGY=RNA-Seq,LIBRARY_SOURCE=TRANSCRIPTOMIC,LIBRARY_SELECTION=cDNA,PAIRED_NOMINAL_LENGTH=550"	succeeded	0.980075898	0.611244019	1
HPSI0314i-qaqx_1	Illumina HiSeq 2000	ERR914341	Feeder-free	27	female	"INSTRUMENT_PLATFORM=ILLUMINA,INSTRUMENT_MODEL=Illumina HiSeq 2000,LIBRARY_LAYOUT=PAIRED,LIBRARY_STRATEGY=RNA-Seq,LIBRARY_SOURCE=TRANSCRIPTOMIC,LIBRARY_SELECTION=cDNA,PAIRED_NOMINAL_LENGTH=550"	succeeded	0.980075898	0.611244019	1
HPSI0314i-sojd_3	Illumina HiSeq 2000	ERR1203453	Feeder-free	22	female	"INSTRUMENT_PLATFORM=ILLUMINA,INSTRUMENT_MODEL=Illumina HiSeq 2000,LIBRARY_LAYOUT=PAIRED,LIBRARY_STRATEGY=RNA-Seq,LIBRARY_SOURCE=TRANSCRIPTOMIC,LIBRARY_SELECTION=cDNA,PAIRED_NOMINAL_LENGTH=200"	failed	3.07899E-05	0.07382076	0
HPSI0314i-sojd_3	Illumina HiSeq 2000	ERR1243456	Feeder-free	22	female	"INSTRUMENT_PLATFORM=ILLUMINA,INSTRUMENT_MODEL=Illumina HiSeq 2000,LIBRARY_LAYOUT=PAIRED,LIBRARY_STRATEGY=RNA-Seq,LIBRARY_SOURCE=TRANSCRIPTOMIC,LIBRARY_SELECTION=cDNA,PAIRED_NOMINAL_LENGTH=200"	failed	3.07899E-05	0.07382076	0
HPSI0314i-uict_1	Illumina HiSeq 2500	ERR2278334	Feeder-free	9	female	"INSTRUMENT_PLATFORM=ILLUMINA,INSTRUMENT_MODEL=Illumina HiSeq 2500,LIBRARY_LAYOUT=PAIRED,LIBRARY_STRATEGY=RNA-Seq,LIBRARY_SOURCE=TRANSCRIPTOMIC,LIBRARY_SELECTION=cDNA,PAIRED_NOMINAL_LENGTH=200"	succeeded	0.994468864	0.50955414	0
HPSI0314i-uict_1	Illumina HiSeq 2500	ERR2278340	Feeder-free	9	female	"INSTRUMENT_PLATFORM=ILLUMINA,INSTRUMENT_MODEL=Illumina HiSeq 2500,LIBRARY_LAYOUT=PAIRED,LIBRARY_STRATEGY=RNA-Seq,LIBRARY_SOURCE=TRANSCRIPTOMIC,LIBRARY_SELECTION=cDNA,PAIRED_NOMINAL_LENGTH=200"	succeeded	0.994468864	0.50955414	0
HPSI0314i-wigw_2	Illumina HiSeq 2000	ERR1629723	Feeder-free	15	male	"INSTRUMENT_PLATFORM=ILLUMINA,INSTRUMENT_MODEL=Illumina HiSeq 2000,LIBRARY_LAYOUT=PAIRED,LIBRARY_STRATEGY=RNA-Seq,LIBRARY_SOURCE=TRANSCRIPTOMIC,LIBRARY_SELECTION=cDNA,PAIRED_NOMINAL_LENGTH=200"	succeeded	0.97738769	0.574324324	0
HPSI0314i-wigw_2	Illumina HiSeq 2000	ERR1629733	Feeder-free	15	male	"INSTRUMENT_PLATFORM=ILLUMINA,INSTRUMENT_MODEL=Illumina HiSeq 2000,LIBRARY_LAYOUT=PAIRED,LIBRARY_STRATEGY=RNA-Seq,LIBRARY_SOURCE=TRANSCRIPTOMIC,LIBRARY_SELECTION=cDNA,PAIRED_NOMINAL_LENGTH=200"	succeeded	0.97738769	0.574324324	0
HPSI0314i-xagu_1	Illumina HiSeq 2500	ERR2278293	Feeder-free	14	female	"INSTRUMENT_PLATFORM=ILLUMINA,INSTRUMENT_MODEL=Illumina HiSeq 2500,LIBRARY_LAYOUT=PAIRED,LIBRARY_STRATEGY=RNA-Seq,LIBRARY_SOURCE=TRANSCRIPTOMIC,LIBRARY_SELECTION=cDNA,PAIRED_NOMINAL_LENGTH=200"	succeeded	0.968983009	0.351851852	0
HPSI0314i-xagu_1	Illumina HiSeq 2500	ERR2278285	Feeder-free	14	female	"INSTRUMENT_PLATFORM=ILLUMINA,INSTRUMENT_MODEL=Illumina HiSeq 2500,LIBRARY_LAYOUT=PAIRED,LIBRARY_STRATEGY=RNA-Seq,LIBRARY_SOURCE=TRANSCRIPTOMIC,LIBRARY_SELECTION=cDNA,PAIRED_NOMINAL_LENGTH=200"	succeeded	0.968983009	0.351851852	0
HPSI0314i-xugn_2	Illumina HiSeq 2000	ERR1203460	Feeder-free	25	male	"INSTRUMENT_PLATFORM=ILLUMINA,INSTRUMENT_MODEL=Illumina HiSeq 2000,LIBRARY_LAYOUT=PAIRED,LIBRARY_STRATEGY=RNA-Seq,LIBRARY_SOURCE=TRANSCRIPTOMIC,LIBRARY_SELECTION=cDNA,PAIRED_NOMINAL_LENGTH=200"	failed	0.049858457	0.044055202	2
HPSI0314i-xugn_2	Illumina HiSeq 2000	ERR1243463	Feeder-free	25	male	"INSTRUMENT_PLATFORM=ILLUMINA,INSTRUMENT_MODEL=Illumina HiSeq 2000,LIBRARY_LAYOUT=PAIRED,LIBRARY_STRATEGY=RNA-Seq,LIBRARY_SOURCE=TRANSCRIPTOMIC,LIBRARY_SELECTION=cDNA,PAIRED_NOMINAL_LENGTH=200"	failed	0.049858457	0.044055202	2
HPSI0414i-ceik_1	Illumina HiSeq 2000	ERR1594714	Feeder-free	12	male	"INSTRUMENT_PLATFORM=ILLUMINA,INSTRUMENT_MODEL=Illumina HiSeq 2000,LIBRARY_LAYOUT=PAIRED,LIBRARY_STRATEGY=RNA-Seq,LIBRARY_SOURCE=TRANSCRIPTOMIC,LIBRARY_SELECTION=cDNA,PAIRED_NOMINAL_LENGTH=184"	failed	0.021631043	0.112612613	0
HPSI0414i-ceik_1	Illumina HiSeq 2000	ERR1594724	Feeder-free	12	male	"INSTRUMENT_PLATFORM=ILLUMINA,INSTRUMENT_MODEL=Illumina HiSeq 2000,LIBRARY_LAYOUT=PAIRED,LIBRARY_STRATEGY=RNA-Seq,LIBRARY_SOURCE=TRANSCRIPTOMIC,LIBRARY_SELECTION=cDNA,PAIRED_NOMINAL_LENGTH=185"	failed	0.021631043	0.112612613	0
HPSI0414i-ceik_1	Illumina HiSeq 2500	ERR1837019	Feeder-free	12	male	"INSTRUMENT_PLATFORM=ILLUMINA,INSTRUMENT_MODEL=Illumina HiSeq 2500,LIBRARY_LAYOUT=PAIRED,LIBRARY_STRATEGY=RNA-Seq,LIBRARY_SOURCE=TRANSCRIPTOMIC,LIBRARY_SELECTION=cDNA,PAIRED_NOMINAL_LENGTH=200"	failed	0.021631043	0.112612613	0
HPSI0414i-ceik_1	Illumina HiSeq 2500	ERR1837009	Feeder-free	12	male	"INSTRUMENT_PLATFORM=ILLUMINA,INSTRUMENT_MODEL=Illumina HiSeq 2500,LIBRARY_LAYOUT=PAIRED,LIBRARY_STRATEGY=RNA-Seq,LIBRARY_SOURCE=TRANSCRIPTOMIC,LIBRARY_SELECTION=cDNA,PAIRED_NOMINAL_LENGTH=200"	failed	0.021631043	0.112612613	0
HPSI0414i-gesg_2	Illumina HiSeq 2000	ERR1594751	Feeder-free	16	male	"INSTRUMENT_PLATFORM=ILLUMINA,INSTRUMENT_MODEL=Illumina HiSeq 2000,LIBRARY_LAYOUT=PAIRED,LIBRARY_STRATEGY=RNA-Seq,LIBRARY_SOURCE=TRANSCRIPTOMIC,LIBRARY_SELECTION=cDNA,PAIRED_NOMINAL_LENGTH=187"	failed	0.053036221	0.060728745	0
HPSI0414i-gesg_2	Illumina HiSeq 2000	ERR1555130	Feeder-free	16	male	"INSTRUMENT_PLATFORM=ILLUMINA,INSTRUMENT_MODEL=Illumina HiSeq 2000,LIBRARY_LAYOUT=PAIRED,LIBRARY_STRATEGY=RNA-Seq,LIBRARY_SOURCE=TRANSCRIPTOMIC,LIBRARY_SELECTION=cDNA,PAIRED_NOMINAL_LENGTH=188"	failed	0.053036221	0.060728745	0
HPSI0414i-gesg_2	Illumina HiSeq 2500	ERR1837084	Feeder-free	16	male	"INSTRUMENT_PLATFORM=ILLUMINA,INSTRUMENT_MODEL=Illumina HiSeq 2500,LIBRARY_LAYOUT=PAIRED,LIBRARY_STRATEGY=RNA-Seq,LIBRARY_SOURCE=TRANSCRIPTOMIC,LIBRARY_SELECTION=cDNA,PAIRED_NOMINAL_LENGTH=200"	failed	0.053036221	0.060728745	0
HPSI0414i-gesg_2	Illumina HiSeq 2500	ERR2278349	Feeder-free	16	male	"INSTRUMENT_PLATFORM=ILLUMINA,INSTRUMENT_MODEL=Illumina HiSeq 2500,LIBRARY_LAYOUT=PAIRED,LIBRARY_STRATEGY=RNA-Seq,LIBRARY_SOURCE=TRANSCRIPTOMIC,LIBRARY_SELECTION=cDNA,PAIRED_NOMINAL_LENGTH=200"	failed	0.053036221	0.060728745	0
HPSI0414i-gesg_2	Illumina HiSeq 2500	ERR1837056	Feeder-free	16	male	"INSTRUMENT_PLATFORM=ILLUMINA,INSTRUMENT_MODEL=Illumina HiSeq 2500,LIBRARY_LAYOUT=PAIRED,LIBRARY_STRATEGY=RNA-Seq,LIBRARY_SOURCE=TRANSCRIPTOMIC,LIBRARY_SELECTION=cDNA,PAIRED_NOMINAL_LENGTH=200"	failed	0.053036221	0.060728745	1
HPSI0414i-gesg_2	Illumina HiSeq 2500	ERR2278348	Feeder-free	16	male	"INSTRUMENT_PLATFORM=ILLUMINA,INSTRUMENT_MODEL=Illumina HiSeq 2500,LIBRARY_LAYOUT=PAIRED,LIBRARY_STRATEGY=RNA-Seq,LIBRARY_SOURCE=TRANSCRIPTOMIC,LIBRARY_SELECTION=cDNA,PAIRED_NOMINAL_LENGTH=200"	failed	0.053036221	0.060728745	1
HPSI0414i-oaqd_2	Illumina HiSeq 2000	ERR1629707	Feeder-free	18	male	"INSTRUMENT_PLATFORM=ILLUMINA,INSTRUMENT_MODEL=Illumina HiSeq 2000,LIBRARY_LAYOUT=PAIRED,LIBRARY_STRATEGY=RNA-Seq,LIBRARY_SOURCE=TRANSCRIPTOMIC,LIBRARY_SELECTION=cDNA,PAIRED_NOMINAL_LENGTH=200"	failed	0.03602931	0.023460411	0
HPSI0414i-oaqd_2	Illumina HiSeq 2000	ERR1629697	Feeder-free	18	male	"INSTRUMENT_PLATFORM=ILLUMINA,INSTRUMENT_MODEL=Illumina HiSeq 2000,LIBRARY_LAYOUT=PAIRED,LIBRARY_STRATEGY=RNA-Seq,LIBRARY_SOURCE=TRANSCRIPTOMIC,LIBRARY_SELECTION=cDNA,PAIRED_NOMINAL_LENGTH=200"	failed	0.03602931	0.023460411	0
HPSI0414i-sebn_3	Illumina HiSeq 2000	ERR1594761	Feeder-free	13	female	"INSTRUMENT_PLATFORM=ILLUMINA,INSTRUMENT_MODEL=Illumina HiSeq 2000,LIBRARY_LAYOUT=PAIRED,LIBRARY_STRATEGY=RNA-Seq,LIBRARY_SOURCE=TRANSCRIPTOMIC,LIBRARY_SELECTION=cDNA,PAIRED_NOMINAL_LENGTH=187"	succeeded	0.965431252	0.405240175	0
HPSI0414i-sebn_3	Illumina HiSeq 2000	ERR1555140	Feeder-free	13	female	"INSTRUMENT_PLATFORM=ILLUMINA,INSTRUMENT_MODEL=Illumina HiSeq 2000,LIBRARY_LAYOUT=PAIRED,LIBRARY_STRATEGY=RNA-Seq,LIBRARY_SOURCE=TRANSCRIPTOMIC,LIBRARY_SELECTION=cDNA,PAIRED_NOMINAL_LENGTH=189"	succeeded	0.965431252	0.405240175	0
HPSI0414i-sebn_3	Illumina HiSeq 2500	ERR1837075	Feeder-free	13	female	"INSTRUMENT_PLATFORM=ILLUMINA,INSTRUMENT_MODEL=Illumina HiSeq 2500,LIBRARY_LAYOUT=PAIRED,LIBRARY_STRATEGY=RNA-Seq,LIBRARY_SOURCE=TRANSCRIPTOMIC,LIBRARY_SELECTION=cDNA,PAIRED_NOMINAL_LENGTH=200"	succeeded	0.965431252	0.405240175	0
HPSI0414i-sebn_3	Illumina HiSeq 2500	ERR1837066	Feeder-free	13	female	"INSTRUMENT_PLATFORM=ILLUMINA,INSTRUMENT_MODEL=Illumina HiSeq 2500,LIBRARY_LAYOUT=PAIRED,LIBRARY_STRATEGY=RNA-Seq,LIBRARY_SOURCE=TRANSCRIPTOMIC,LIBRARY_SELECTION=cDNA,PAIRED_NOMINAL_LENGTH=200"	succeeded	0.965431252	0.405240175	0
HPSI0414i-seru_1	Illumina HiSeq 2000	ERR1629736	Feeder-free	20	female	"INSTRUMENT_PLATFORM=ILLUMINA,INSTRUMENT_MODEL=Illumina HiSeq 2000,LIBRARY_LAYOUT=PAIRED,LIBRARY_STRATEGY=RNA-Seq,LIBRARY_SOURCE=TRANSCRIPTOMIC,LIBRARY_SELECTION=cDNA,PAIRED_NOMINAL_LENGTH=200"	succeeded	0.975842911	0.845070423	0
HPSI0414i-seru_1	Illumina HiSeq 2000	ERR1629745	Feeder-free	20	female	"INSTRUMENT_PLATFORM=ILLUMINA,INSTRUMENT_MODEL=Illumina HiSeq 2000,LIBRARY_LAYOUT=PAIRED,LIBRARY_STRATEGY=RNA-Seq,LIBRARY_SOURCE=TRANSCRIPTOMIC,LIBRARY_SELECTION=cDNA,PAIRED_NOMINAL_LENGTH=200"	succeeded	0.975842911	0.845070423	0
HPSI0414i-uawq_2	Illumina HiSeq 2500	ERR2039316	Feeder-free	9	female	"INSTRUMENT_PLATFORM=ILLUMINA,INSTRUMENT_MODEL=Illumina HiSeq 2500,LIBRARY_LAYOUT=PAIRED,LIBRARY_STRATEGY=RNA-Seq,LIBRARY_SOURCE=TRANSCRIPTOMIC,LIBRARY_SELECTION=cDNA,PAIRED_NOMINAL_LENGTH=200"	succeeded	0.943881559	0.628064032	2
HPSI0414i-uawq_2	Illumina HiSeq 2500	ERR2039326	Feeder-free	9	female	"INSTRUMENT_PLATFORM=ILLUMINA,INSTRUMENT_MODEL=Illumina HiSeq 2500,LIBRARY_LAYOUT=PAIRED,LIBRARY_STRATEGY=RNA-Seq,LIBRARY_SOURCE=TRANSCRIPTOMIC,LIBRARY_SELECTION=cDNA,PAIRED_NOMINAL_LENGTH=200"	succeeded	0.943881559	0.628064032	2
HPSI0414i-xojn_3	Illumina HiSeq 2000	ERR1629734	Feeder-free	18	female	"INSTRUMENT_PLATFORM=ILLUMINA,INSTRUMENT_MODEL=Illumina HiSeq 2000,LIBRARY_LAYOUT=PAIRED,LIBRARY_STRATEGY=RNA-Seq,LIBRARY_SOURCE=TRANSCRIPTOMIC,LIBRARY_SELECTION=cDNA,PAIRED_NOMINAL_LENGTH=200"	succeeded	0.955284887	0.707816637	0
HPSI0414i-xojn_3	Illumina HiSeq 2000	ERR1629724	Feeder-free	18	female	"INSTRUMENT_PLATFORM=ILLUMINA,INSTRUMENT_MODEL=Illumina HiSeq 2000,LIBRARY_LAYOUT=PAIRED,LIBRARY_STRATEGY=RNA-Seq,LIBRARY_SOURCE=TRANSCRIPTOMIC,LIBRARY_SELECTION=cDNA,PAIRED_NOMINAL_LENGTH=200"	succeeded	0.955284887	0.707816637	0
HPSI0514i-fiaj_1	Illumina HiSeq 2000	ERR1594719	Feeder-free	18	male	"INSTRUMENT_PLATFORM=ILLUMINA,INSTRUMENT_MODEL=Illumina HiSeq 2000,LIBRARY_LAYOUT=PAIRED,LIBRARY_STRATEGY=RNA-Seq,LIBRARY_SOURCE=TRANSCRIPTOMIC,LIBRARY_SELECTION=cDNA,PAIRED_NOMINAL_LENGTH=173"	failed	0.001182219	0.061096001	0
HPSI0514i-fiaj_1	Illumina HiSeq 2000	ERR1594729	Feeder-free	18	male	"INSTRUMENT_PLATFORM=ILLUMINA,INSTRUMENT_MODEL=Illumina HiSeq 2000,LIBRARY_LAYOUT=PAIRED,LIBRARY_STRATEGY=RNA-Seq,LIBRARY_SOURCE=TRANSCRIPTOMIC,LIBRARY_SELECTION=cDNA,PAIRED_NOMINAL_LENGTH=173"	failed	0.001182219	0.061096001	0
HPSI0514i-fiaj_1	Illumina HiSeq 2500	ERR1837014	Feeder-free	18	male	"INSTRUMENT_PLATFORM=ILLUMINA,INSTRUMENT_MODEL=Illumina HiSeq 2500,LIBRARY_LAYOUT=PAIRED,LIBRARY_STRATEGY=RNA-Seq,LIBRARY_SOURCE=TRANSCRIPTOMIC,LIBRARY_SELECTION=cDNA,PAIRED_NOMINAL_LENGTH=200"	failed	0.001182219	0.061096001	0
HPSI0514i-fiaj_1	Illumina HiSeq 2500	ERR1837024	Feeder-free	18	male	"INSTRUMENT_PLATFORM=ILLUMINA,INSTRUMENT_MODEL=Illumina HiSeq 2500,LIBRARY_LAYOUT=PAIRED,LIBRARY_STRATEGY=RNA-Seq,LIBRARY_SOURCE=TRANSCRIPTOMIC,LIBRARY_SELECTION=cDNA,PAIRED_NOMINAL_LENGTH=200"	failed	0.001182219	0.061096001	0
HPSI0514i-lako_1	Illumina HiSeq 2000	ERR1594747	Feeder-free	13	female	"INSTRUMENT_PLATFORM=ILLUMINA,INSTRUMENT_MODEL=Illumina HiSeq 2000,LIBRARY_LAYOUT=PAIRED,LIBRARY_STRATEGY=RNA-Seq,LIBRARY_SOURCE=TRANSCRIPTOMIC,LIBRARY_SELECTION=cDNA,PAIRED_NOMINAL_LENGTH=185"	succeeded	0.997761215	0.820918536	0
HPSI0514i-lako_1	Illumina HiSeq 2000	ERR1555126	Feeder-free	13	female	"INSTRUMENT_PLATFORM=ILLUMINA,INSTRUMENT_MODEL=Illumina HiSeq 2000,LIBRARY_LAYOUT=PAIRED,LIBRARY_STRATEGY=RNA-Seq,LIBRARY_SOURCE=TRANSCRIPTOMIC,LIBRARY_SELECTION=cDNA,PAIRED_NOMINAL_LENGTH=186"	succeeded	0.997761215	0.820918536	0
HPSI0514i-lako_1	Illumina HiSeq 2500	ERR1837052	Feeder-free	13	female	"INSTRUMENT_PLATFORM=ILLUMINA,INSTRUMENT_MODEL=Illumina HiSeq 2500,LIBRARY_LAYOUT=PAIRED,LIBRARY_STRATEGY=RNA-Seq,LIBRARY_SOURCE=TRANSCRIPTOMIC,LIBRARY_SELECTION=cDNA,PAIRED_NOMINAL_LENGTH=200"	succeeded	0.997761215	0.820918536	1
HPSI0514i-lako_1	Illumina HiSeq 2500	ERR1837080	Feeder-free	13	female	"INSTRUMENT_PLATFORM=ILLUMINA,INSTRUMENT_MODEL=Illumina HiSeq 2500,LIBRARY_LAYOUT=PAIRED,LIBRARY_STRATEGY=RNA-Seq,LIBRARY_SOURCE=TRANSCRIPTOMIC,LIBRARY_SELECTION=cDNA,PAIRED_NOMINAL_LENGTH=200"	succeeded	0.997761215	0.820918536	1
HPSI0514i-letw_1	Illumina HiSeq 2000	ERR1724723	Feeder-free	24	male	"INSTRUMENT_PLATFORM=ILLUMINA,INSTRUMENT_MODEL=Illumina HiSeq 2000,LIBRARY_LAYOUT=PAIRED,LIBRARY_STRATEGY=RNA-Seq,LIBRARY_SOURCE=TRANSCRIPTOMIC,LIBRARY_SELECTION=cDNA,PAIRED_NOMINAL_LENGTH=200"	succeeded	0.973217541	0.853594771	0
HPSI0514i-letw_1	Illumina HiSeq 2500	ERR1743811	Feeder-free	24	male	"INSTRUMENT_PLATFORM=ILLUMINA,INSTRUMENT_MODEL=Illumina HiSeq 2500,LIBRARY_LAYOUT=PAIRED,LIBRARY_STRATEGY=RNA-Seq,LIBRARY_SOURCE=TRANSCRIPTOMIC,LIBRARY_SELECTION=cDNA,PAIRED_NOMINAL_LENGTH=200"	succeeded	0.973217541	0.853594771	0
HPSI0514i-naah_2	Illumina HiSeq 2000	ERR1724711	Feeder-free	16	male	"INSTRUMENT_PLATFORM=ILLUMINA,INSTRUMENT_MODEL=Illumina HiSeq 2000,LIBRARY_LAYOUT=PAIRED,LIBRARY_STRATEGY=RNA-Seq,LIBRARY_SOURCE=TRANSCRIPTOMIC,LIBRARY_SELECTION=cDNA,PAIRED_NOMINAL_LENGTH=200"	succeeded	0.956847063	0.853608247	0
HPSI0514i-naah_2	Illumina HiSeq 2500	ERR1743800	Feeder-free	16	male	"INSTRUMENT_PLATFORM=ILLUMINA,INSTRUMENT_MODEL=Illumina HiSeq 2500,LIBRARY_LAYOUT=PAIRED,LIBRARY_STRATEGY=RNA-Seq,LIBRARY_SOURCE=TRANSCRIPTOMIC,LIBRARY_SELECTION=cDNA,PAIRED_NOMINAL_LENGTH=200"	succeeded	0.956847063	0.853608247	0
HPSI0514i-oekw_2	Illumina HiSeq 2500	ERR2039350	Feeder-free	16	male	"INSTRUMENT_PLATFORM=ILLUMINA,INSTRUMENT_MODEL=Illumina HiSeq 2500,LIBRARY_LAYOUT=PAIRED,LIBRARY_STRATEGY=RNA-Seq,LIBRARY_SOURCE=TRANSCRIPTOMIC,LIBRARY_SELECTION=cDNA,PAIRED_NOMINAL_LENGTH=200"	succeeded	0.951773237	0.279831933	0
HPSI0514i-oekw_2	Illumina HiSeq 2500	ERR2039340	Feeder-free	16	male	"INSTRUMENT_PLATFORM=ILLUMINA,INSTRUMENT_MODEL=Illumina HiSeq 2500,LIBRARY_LAYOUT=PAIRED,LIBRARY_STRATEGY=RNA-Seq,LIBRARY_SOURCE=TRANSCRIPTOMIC,LIBRARY_SELECTION=cDNA,PAIRED_NOMINAL_LENGTH=200"	succeeded	0.951773237	0.279831933	0
HPSI0514i-oupf_6	Illumina HiSeq 2500	ERR2039360	Feeder-free	13	female	"INSTRUMENT_PLATFORM=ILLUMINA,INSTRUMENT_MODEL=Illumina HiSeq 2500,LIBRARY_LAYOUT=PAIRED,LIBRARY_STRATEGY=RNA-Seq,LIBRARY_SOURCE=TRANSCRIPTOMIC,LIBRARY_SELECTION=cDNA,PAIRED_NOMINAL_LENGTH=200"	succeeded	0.94095223	0.600522193	0
HPSI0514i-oupf_6	Illumina HiSeq 2500	ERR2039370	Feeder-free	13	female	"INSTRUMENT_PLATFORM=ILLUMINA,INSTRUMENT_MODEL=Illumina HiSeq 2500,LIBRARY_LAYOUT=PAIRED,LIBRARY_STRATEGY=RNA-Seq,LIBRARY_SOURCE=TRANSCRIPTOMIC,LIBRARY_SELECTION=cDNA,PAIRED_NOMINAL_LENGTH=200"	succeeded	0.94095223	0.600522193	0
HPSI0514i-puie_4	Illumina HiSeq 2000	ERR1629705	Feeder-free	20	male	"INSTRUMENT_PLATFORM=ILLUMINA,INSTRUMENT_MODEL=Illumina HiSeq 2000,LIBRARY_LAYOUT=PAIRED,LIBRARY_STRATEGY=RNA-Seq,LIBRARY_SOURCE=TRANSCRIPTOMIC,LIBRARY_SELECTION=cDNA,PAIRED_NOMINAL_LENGTH=200"	succeeded	0.990364701	0.725900682	2
HPSI0514i-puie_4	Illumina HiSeq 2000	ERR1629715	Feeder-free	20	male	"INSTRUMENT_PLATFORM=ILLUMINA,INSTRUMENT_MODEL=Illumina HiSeq 2000,LIBRARY_LAYOUT=PAIRED,LIBRARY_STRATEGY=RNA-Seq,LIBRARY_SOURCE=TRANSCRIPTOMIC,LIBRARY_SELECTION=cDNA,PAIRED_NOMINAL_LENGTH=200"	succeeded	0.990364701	0.725900682	2
HPSI0514i-qihv_1	Illumina HiSeq 2000	ERR1555100	Feeder-free	11	female	"INSTRUMENT_PLATFORM=ILLUMINA,INSTRUMENT_MODEL=Illumina HiSeq 2000,LIBRARY_LAYOUT=PAIRED,LIBRARY_STRATEGY=RNA-Seq,LIBRARY_SOURCE=TRANSCRIPTOMIC,LIBRARY_SELECTION=cDNA,PAIRED_NOMINAL_LENGTH=157"	failed	0.122720112	0.177419355	0
HPSI0514i-qihv_1	Illumina HiSeq 2000	ERR1555110	Feeder-free	11	female	"INSTRUMENT_PLATFORM=ILLUMINA,INSTRUMENT_MODEL=Illumina HiSeq 2000,LIBRARY_LAYOUT=PAIRED,LIBRARY_STRATEGY=RNA-Seq,LIBRARY_SOURCE=TRANSCRIPTOMIC,LIBRARY_SELECTION=cDNA,PAIRED_NOMINAL_LENGTH=157"	failed	0.122720112	0.177419355	0
HPSI0514i-qihv_1	Illumina HiSeq 2500	ERR1836996	Feeder-free	11	female	"INSTRUMENT_PLATFORM=ILLUMINA,INSTRUMENT_MODEL=Illumina HiSeq 2500,LIBRARY_LAYOUT=PAIRED,LIBRARY_STRATEGY=RNA-Seq,LIBRARY_SOURCE=TRANSCRIPTOMIC,LIBRARY_SELECTION=cDNA,PAIRED_NOMINAL_LENGTH=200"	failed	0.122720112	0.177419355	0
HPSI0514i-qihv_1	Illumina HiSeq 2500	ERR1837006	Feeder-free	11	female	"INSTRUMENT_PLATFORM=ILLUMINA,INSTRUMENT_MODEL=Illumina HiSeq 2500,LIBRARY_LAYOUT=PAIRED,LIBRARY_STRATEGY=RNA-Seq,LIBRARY_SOURCE=TRANSCRIPTOMIC,LIBRARY_SELECTION=cDNA,PAIRED_NOMINAL_LENGTH=200"	failed	0.122720112	0.177419355	0
HPSI0514i-rutc_2	Illumina HiSeq 2000	ERR1629729	Feeder-free	20	female	"INSTRUMENT_PLATFORM=ILLUMINA,INSTRUMENT_MODEL=Illumina HiSeq 2000,LIBRARY_LAYOUT=PAIRED,LIBRARY_STRATEGY=RNA-Seq,LIBRARY_SOURCE=TRANSCRIPTOMIC,LIBRARY_SELECTION=cDNA,PAIRED_NOMINAL_LENGTH=200"	succeeded	0.99753909	0.901181525	0
HPSI0514i-rutc_2	Illumina HiSeq 2000	ERR1629719	Feeder-free	20	female	"INSTRUMENT_PLATFORM=ILLUMINA,INSTRUMENT_MODEL=Illumina HiSeq 2000,LIBRARY_LAYOUT=PAIRED,LIBRARY_STRATEGY=RNA-Seq,LIBRARY_SOURCE=TRANSCRIPTOMIC,LIBRARY_SELECTION=cDNA,PAIRED_NOMINAL_LENGTH=200"	succeeded	0.99753909	0.901181525	0
HPSI0514i-sohd_2	Illumina HiSeq 2000	ERR1724744	Feeder-free	10	female	"INSTRUMENT_PLATFORM=ILLUMINA,INSTRUMENT_MODEL=Illumina HiSeq 2000,LIBRARY_LAYOUT=PAIRED,LIBRARY_STRATEGY=RNA-Seq,LIBRARY_SOURCE=TRANSCRIPTOMIC,LIBRARY_SELECTION=cDNA,PAIRED_NOMINAL_LENGTH=200"	succeeded	0.970467701	0.668965517	0
HPSI0514i-sohd_2	Illumina HiSeq 2500	ERR1743831	Feeder-free	10	female	"INSTRUMENT_PLATFORM=ILLUMINA,INSTRUMENT_MODEL=Illumina HiSeq 2500,LIBRARY_LAYOUT=PAIRED,LIBRARY_STRATEGY=RNA-Seq,LIBRARY_SOURCE=TRANSCRIPTOMIC,LIBRARY_SELECTION=cDNA,PAIRED_NOMINAL_LENGTH=200"	succeeded	0.970467701	0.668965517	0
HPSI0514i-suul_1	Illumina HiSeq 2500	ERR2278271	Feeder-free	13	female	"INSTRUMENT_PLATFORM=ILLUMINA,INSTRUMENT_MODEL=Illumina HiSeq 2500,LIBRARY_LAYOUT=PAIRED,LIBRARY_STRATEGY=RNA-Seq,LIBRARY_SOURCE=TRANSCRIPTOMIC,LIBRARY_SELECTION=cDNA,PAIRED_NOMINAL_LENGTH=200"	succeeded	0.934714902	0.696774194	1
HPSI0514i-suul_1	Illumina HiSeq 2500	ERR2278281	Feeder-free	13	female	"INSTRUMENT_PLATFORM=ILLUMINA,INSTRUMENT_MODEL=Illumina HiSeq 2500,LIBRARY_LAYOUT=PAIRED,LIBRARY_STRATEGY=RNA-Seq,LIBRARY_SOURCE=TRANSCRIPTOMIC,LIBRARY_SELECTION=cDNA,PAIRED_NOMINAL_LENGTH=200"	succeeded	0.934714902	0.696774194	1
HPSI0514i-tert_1	Illumina HiSeq 2500	ERR2039365	Feeder-free	9	male	"INSTRUMENT_PLATFORM=ILLUMINA,INSTRUMENT_MODEL=Illumina HiSeq 2500,LIBRARY_LAYOUT=PAIRED,LIBRARY_STRATEGY=RNA-Seq,LIBRARY_SOURCE=TRANSCRIPTOMIC,LIBRARY_SELECTION=cDNA,PAIRED_NOMINAL_LENGTH=200"	succeeded	0.941214813	0.751743375	0
HPSI0514i-tert_1	Illumina HiSeq 2500	ERR2039355	Feeder-free	9	male	"INSTRUMENT_PLATFORM=ILLUMINA,INSTRUMENT_MODEL=Illumina HiSeq 2500,LIBRARY_LAYOUT=PAIRED,LIBRARY_STRATEGY=RNA-Seq,LIBRARY_SOURCE=TRANSCRIPTOMIC,LIBRARY_SELECTION=cDNA,PAIRED_NOMINAL_LENGTH=200"	succeeded	0.941214813	0.751743375	0
HPSI0514i-uenn_3	Illumina HiSeq 2000	ERR1724748	Feeder-free	12	male	"INSTRUMENT_PLATFORM=ILLUMINA,INSTRUMENT_MODEL=Illumina HiSeq 2000,LIBRARY_LAYOUT=PAIRED,LIBRARY_STRATEGY=RNA-Seq,LIBRARY_SOURCE=TRANSCRIPTOMIC,LIBRARY_SELECTION=cDNA,PAIRED_NOMINAL_LENGTH=200"	succeeded	0.980292964	0.320143397	0
HPSI0514i-uenn_3	Illumina HiSeq 2500	ERR1743834	Feeder-free	12	male	"INSTRUMENT_PLATFORM=ILLUMINA,INSTRUMENT_MODEL=Illumina HiSeq 2500,LIBRARY_LAYOUT=PAIRED,LIBRARY_STRATEGY=RNA-Seq,LIBRARY_SOURCE=TRANSCRIPTOMIC,LIBRARY_SELECTION=cDNA,PAIRED_NOMINAL_LENGTH=200"	succeeded	0.980292964	0.320143397	0
HPSI0514i-wiii_3	Illumina HiSeq 2000	ERR1274919	Feeder-free	14	female	"INSTRUMENT_PLATFORM=ILLUMINA,INSTRUMENT_MODEL=Illumina HiSeq 2000,LIBRARY_LAYOUT=PAIRED,LIBRARY_STRATEGY=RNA-Seq,LIBRARY_SOURCE=TRANSCRIPTOMIC,LIBRARY_SELECTION=cDNA,PAIRED_NOMINAL_LENGTH=200"	failed	0.169918032	0.029347102	0
HPSI0514i-wiii_3	Illumina HiSeq 2000	ERR1274911	Feeder-free	14	female	"INSTRUMENT_PLATFORM=ILLUMINA,INSTRUMENT_MODEL=Illumina HiSeq 2000,LIBRARY_LAYOUT=PAIRED,LIBRARY_STRATEGY=RNA-Seq,LIBRARY_SOURCE=TRANSCRIPTOMIC,LIBRARY_SELECTION=cDNA,PAIRED_NOMINAL_LENGTH=200"	failed	0.169918032	0.029347102	0
HPSI0514i-yewo_4	Illumina HiSeq 2500	ERR2039380	Feeder-free	15	male	"INSTRUMENT_PLATFORM=ILLUMINA,INSTRUMENT_MODEL=Illumina HiSeq 2500,LIBRARY_LAYOUT=PAIRED,LIBRARY_STRATEGY=RNA-Seq,LIBRARY_SOURCE=TRANSCRIPTOMIC,LIBRARY_SELECTION=cDNA,PAIRED_NOMINAL_LENGTH=200"	succeeded	0.984090512	0.854647536	0
HPSI0514i-yewo_4	Illumina HiSeq 2500	ERR2039377	Feeder-free	15	male	"INSTRUMENT_PLATFORM=ILLUMINA,INSTRUMENT_MODEL=Illumina HiSeq 2500,LIBRARY_LAYOUT=PAIRED,LIBRARY_STRATEGY=RNA-Seq,LIBRARY_SOURCE=TRANSCRIPTOMIC,LIBRARY_SELECTION=cDNA,PAIRED_NOMINAL_LENGTH=200"	succeeded	0.984090512	0.854647536	0
HPSI0614i-juzt_4	Illumina HiSeq 2500	ERR2278258	Feeder-free	18	female	"INSTRUMENT_PLATFORM=ILLUMINA,INSTRUMENT_MODEL=Illumina HiSeq 2500,LIBRARY_LAYOUT=PAIRED,LIBRARY_STRATEGY=RNA-Seq,LIBRARY_SOURCE=TRANSCRIPTOMIC,LIBRARY_SELECTION=cDNA,PAIRED_NOMINAL_LENGTH=200"	failed	6.23319E-05	0.098971093	2
HPSI0614i-juzt_4	Illumina HiSeq 2500	ERR2278248	Feeder-free	18	female	"INSTRUMENT_PLATFORM=ILLUMINA,INSTRUMENT_MODEL=Illumina HiSeq 2500,LIBRARY_LAYOUT=PAIRED,LIBRARY_STRATEGY=RNA-Seq,LIBRARY_SOURCE=TRANSCRIPTOMIC,LIBRARY_SELECTION=cDNA,PAIRED_NOMINAL_LENGTH=200"	failed	6.23319E-05	0.098971093	2
HPSI0614i-liqa_1	Illumina HiSeq 2000	ERR1594749	Feeder-free	9	female	"INSTRUMENT_PLATFORM=ILLUMINA,INSTRUMENT_MODEL=Illumina HiSeq 2000,LIBRARY_LAYOUT=PAIRED,LIBRARY_STRATEGY=RNA-Seq,LIBRARY_SOURCE=TRANSCRIPTOMIC,LIBRARY_SELECTION=cDNA,PAIRED_NOMINAL_LENGTH=179"	succeeded	0.980260733	0.555236729	0
HPSI0614i-liqa_1	Illumina HiSeq 2000	ERR1555128	Feeder-free	9	female	"INSTRUMENT_PLATFORM=ILLUMINA,INSTRUMENT_MODEL=Illumina HiSeq 2000,LIBRARY_LAYOUT=PAIRED,LIBRARY_STRATEGY=RNA-Seq,LIBRARY_SOURCE=TRANSCRIPTOMIC,LIBRARY_SELECTION=cDNA,PAIRED_NOMINAL_LENGTH=181"	succeeded	0.980260733	0.555236729	0
HPSI0614i-liqa_1	Illumina HiSeq 2500	ERR1837082	Feeder-free	9	female	"INSTRUMENT_PLATFORM=ILLUMINA,INSTRUMENT_MODEL=Illumina HiSeq 2500,LIBRARY_LAYOUT=PAIRED,LIBRARY_STRATEGY=RNA-Seq,LIBRARY_SOURCE=TRANSCRIPTOMIC,LIBRARY_SELECTION=cDNA,PAIRED_NOMINAL_LENGTH=200"	succeeded	0.980260733	0.555236729	0
HPSI0614i-liqa_1	Illumina HiSeq 2500	ERR1837054	Feeder-free	9	female	"INSTRUMENT_PLATFORM=ILLUMINA,INSTRUMENT_MODEL=Illumina HiSeq 2500,LIBRARY_LAYOUT=PAIRED,LIBRARY_STRATEGY=RNA-Seq,LIBRARY_SOURCE=TRANSCRIPTOMIC,LIBRARY_SELECTION=cDNA,PAIRED_NOMINAL_LENGTH=200"	succeeded	0.980260733	0.555236729	0
HPSI0614i-lirf_5	Illumina HiSeq 2500	ERR2039367	Feeder-free	17	male	"INSTRUMENT_PLATFORM=ILLUMINA,INSTRUMENT_MODEL=Illumina HiSeq 2500,LIBRARY_LAYOUT=PAIRED,LIBRARY_STRATEGY=RNA-Seq,LIBRARY_SOURCE=TRANSCRIPTOMIC,LIBRARY_SELECTION=cDNA,PAIRED_NOMINAL_LENGTH=200"	failed	0.132054668	0.060419236	0
HPSI0614i-lirf_5	Illumina HiSeq 2500	ERR2039357	Feeder-free	17	male	"INSTRUMENT_PLATFORM=ILLUMINA,INSTRUMENT_MODEL=Illumina HiSeq 2500,LIBRARY_LAYOUT=PAIRED,LIBRARY_STRATEGY=RNA-Seq,LIBRARY_SOURCE=TRANSCRIPTOMIC,LIBRARY_SELECTION=cDNA,PAIRED_NOMINAL_LENGTH=200"	failed	0.132054668	0.060419236	0
HPSI0614i-miaj_4	Illumina HiSeq 2000	ERR1629684	Feeder-free	29	male	"INSTRUMENT_PLATFORM=ILLUMINA,INSTRUMENT_MODEL=Illumina HiSeq 2000,LIBRARY_LAYOUT=PAIRED,LIBRARY_STRATEGY=RNA-Seq,LIBRARY_SOURCE=TRANSCRIPTOMIC,LIBRARY_SELECTION=cDNA,PAIRED_NOMINAL_LENGTH=200"	failed	0.002789315	0.045362221	0
HPSI0614i-miaj_4	Illumina HiSeq 2000	ERR1629694	Feeder-free	29	male	"INSTRUMENT_PLATFORM=ILLUMINA,INSTRUMENT_MODEL=Illumina HiSeq 2000,LIBRARY_LAYOUT=PAIRED,LIBRARY_STRATEGY=RNA-Seq,LIBRARY_SOURCE=TRANSCRIPTOMIC,LIBRARY_SELECTION=cDNA,PAIRED_NOMINAL_LENGTH=200"	failed	0.002789315	0.045362221	0
HPSI0614i-oicx_2	Illumina HiSeq 2000	ERR1724729	Feeder-free	12	female	"INSTRUMENT_PLATFORM=ILLUMINA,INSTRUMENT_MODEL=Illumina HiSeq 2000,LIBRARY_LAYOUT=PAIRED,LIBRARY_STRATEGY=RNA-Seq,LIBRARY_SOURCE=TRANSCRIPTOMIC,LIBRARY_SELECTION=cDNA,PAIRED_NOMINAL_LENGTH=200"	succeeded	0.932262405	0.364285714	1
HPSI0614i-oicx_2	Illumina HiSeq 2500	ERR1743817	Feeder-free	12	female	"INSTRUMENT_PLATFORM=ILLUMINA,INSTRUMENT_MODEL=Illumina HiSeq 2500,LIBRARY_LAYOUT=PAIRED,LIBRARY_STRATEGY=RNA-Seq,LIBRARY_SOURCE=TRANSCRIPTOMIC,LIBRARY_SELECTION=cDNA,PAIRED_NOMINAL_LENGTH=200"	succeeded	0.932262405	0.364285714	1
HPSI0614i-paab_3	Illumina HiSeq 2000	ERR1629711	Feeder-free	18	male	"INSTRUMENT_PLATFORM=ILLUMINA,INSTRUMENT_MODEL=Illumina HiSeq 2000,LIBRARY_LAYOUT=PAIRED,LIBRARY_STRATEGY=RNA-Seq,LIBRARY_SOURCE=TRANSCRIPTOMIC,LIBRARY_SELECTION=cDNA,PAIRED_NOMINAL_LENGTH=200"	failed	0.081917953	0	0
HPSI0614i-paab_3	Illumina HiSeq 2000	ERR1629701	Feeder-free	18	male	"INSTRUMENT_PLATFORM=ILLUMINA,INSTRUMENT_MODEL=Illumina HiSeq 2000,LIBRARY_LAYOUT=PAIRED,LIBRARY_STRATEGY=RNA-Seq,LIBRARY_SOURCE=TRANSCRIPTOMIC,LIBRARY_SELECTION=cDNA,PAIRED_NOMINAL_LENGTH=200"	failed	0.081917953	0	0
HPSI0614i-puhk_2	Illumina HiSeq 2500	ERR2039351	Feeder-free	30	female	"INSTRUMENT_PLATFORM=ILLUMINA,INSTRUMENT_MODEL=Illumina HiSeq 2500,LIBRARY_LAYOUT=PAIRED,LIBRARY_STRATEGY=RNA-Seq,LIBRARY_SOURCE=TRANSCRIPTOMIC,LIBRARY_SELECTION=cDNA,PAIRED_NOMINAL_LENGTH=200"	failed	4.03493E-05	0.043523859	0
HPSI0614i-puhk_2	Illumina HiSeq 2500	ERR2039341	Feeder-free	30	female	"INSTRUMENT_PLATFORM=ILLUMINA,INSTRUMENT_MODEL=Illumina HiSeq 2500,LIBRARY_LAYOUT=PAIRED,LIBRARY_STRATEGY=RNA-Seq,LIBRARY_SOURCE=TRANSCRIPTOMIC,LIBRARY_SELECTION=cDNA,PAIRED_NOMINAL_LENGTH=200"	failed	4.03493E-05	0.043523859	0
HPSI0614i-qunz_2	Illumina HiSeq 2500	ERR2039361	Feeder-free	9	female	"INSTRUMENT_PLATFORM=ILLUMINA,INSTRUMENT_MODEL=Illumina HiSeq 2500,LIBRARY_LAYOUT=PAIRED,LIBRARY_STRATEGY=RNA-Seq,LIBRARY_SOURCE=TRANSCRIPTOMIC,LIBRARY_SELECTION=cDNA,PAIRED_NOMINAL_LENGTH=200"	succeeded	0.985872536	0.461988304	0
HPSI0614i-qunz_2	Illumina HiSeq 2500	ERR2039371	Feeder-free	9	female	"INSTRUMENT_PLATFORM=ILLUMINA,INSTRUMENT_MODEL=Illumina HiSeq 2500,LIBRARY_LAYOUT=PAIRED,LIBRARY_STRATEGY=RNA-Seq,LIBRARY_SOURCE=TRANSCRIPTOMIC,LIBRARY_SELECTION=cDNA,PAIRED_NOMINAL_LENGTH=200"	succeeded	0.985872536	0.461988304	0
HPSI0614i-uevq_6	Illumina HiSeq 2500	ERR1903400	Feeder-free	12	female	"INSTRUMENT_PLATFORM=ILLUMINA,INSTRUMENT_MODEL=Illumina HiSeq 2500,LIBRARY_LAYOUT=PAIRED,LIBRARY_STRATEGY=RNA-Seq,LIBRARY_SOURCE=TRANSCRIPTOMIC,LIBRARY_SELECTION=cDNA,PAIRED_NOMINAL_LENGTH=200"	failed	0.088164842	0.054662379	0
HPSI0614i-uevq_6	Illumina HiSeq 2500	ERR1903395	Feeder-free	12	female	"INSTRUMENT_PLATFORM=ILLUMINA,INSTRUMENT_MODEL=Illumina HiSeq 2500,LIBRARY_LAYOUT=PAIRED,LIBRARY_STRATEGY=RNA-Seq,LIBRARY_SOURCE=TRANSCRIPTOMIC,LIBRARY_SELECTION=cDNA,PAIRED_NOMINAL_LENGTH=200"	failed	0.088164842	0.054662379	0
HPSI0614i-voce_1	Illumina HiSeq 2500	ERR2039331	Feeder-free	16	male	"INSTRUMENT_PLATFORM=ILLUMINA,INSTRUMENT_MODEL=Illumina HiSeq 2500,LIBRARY_LAYOUT=PAIRED,LIBRARY_STRATEGY=RNA-Seq,LIBRARY_SOURCE=TRANSCRIPTOMIC,LIBRARY_SELECTION=cDNA,PAIRED_NOMINAL_LENGTH=200"	failed	0.055864126	0.134	2
HPSI0614i-voce_1	Illumina HiSeq 2500	ERR2039321	Feeder-free	16	male	"INSTRUMENT_PLATFORM=ILLUMINA,INSTRUMENT_MODEL=Illumina HiSeq 2500,LIBRARY_LAYOUT=PAIRED,LIBRARY_STRATEGY=RNA-Seq,LIBRARY_SOURCE=TRANSCRIPTOMIC,LIBRARY_SELECTION=cDNA,PAIRED_NOMINAL_LENGTH=200"	failed	0.055864126	0.134	2
HPSI0614i-wihj_4	Illumina HiSeq 2500	ERR2039324	Feeder-free	16	female	"INSTRUMENT_PLATFORM=ILLUMINA,INSTRUMENT_MODEL=Illumina HiSeq 2500,LIBRARY_LAYOUT=PAIRED,LIBRARY_STRATEGY=RNA-Seq,LIBRARY_SOURCE=TRANSCRIPTOMIC,LIBRARY_SELECTION=cDNA,PAIRED_NOMINAL_LENGTH=200"	succeeded	0.989666097	0.723308271	0
HPSI0614i-wihj_4	Illumina HiSeq 2500	ERR2039334	Feeder-free	16	female	"INSTRUMENT_PLATFORM=ILLUMINA,INSTRUMENT_MODEL=Illumina HiSeq 2500,LIBRARY_LAYOUT=PAIRED,LIBRARY_STRATEGY=RNA-Seq,LIBRARY_SOURCE=TRANSCRIPTOMIC,LIBRARY_SELECTION=cDNA,PAIRED_NOMINAL_LENGTH=200"	succeeded	0.989666097	0.723308271	0
HPSI0714i-burb_1	Illumina HiSeq 2000	ERR1555094	Feeder-free	11	male	"INSTRUMENT_PLATFORM=ILLUMINA,INSTRUMENT_MODEL=Illumina HiSeq 2000,LIBRARY_LAYOUT=PAIRED,LIBRARY_STRATEGY=RNA-Seq,LIBRARY_SOURCE=TRANSCRIPTOMIC,LIBRARY_SELECTION=cDNA,PAIRED_NOMINAL_LENGTH=181"	failed	0.069708995	0.107205048	0
HPSI0714i-burb_1	Illumina HiSeq 2000	ERR1555104	Feeder-free	11	male	"INSTRUMENT_PLATFORM=ILLUMINA,INSTRUMENT_MODEL=Illumina HiSeq 2000,LIBRARY_LAYOUT=PAIRED,LIBRARY_STRATEGY=RNA-Seq,LIBRARY_SOURCE=TRANSCRIPTOMIC,LIBRARY_SELECTION=cDNA,PAIRED_NOMINAL_LENGTH=184"	failed	0.069708995	0.107205048	0
HPSI0714i-burb_1	Illumina HiSeq 2500	ERR1836990	Feeder-free	11	male	"INSTRUMENT_PLATFORM=ILLUMINA,INSTRUMENT_MODEL=Illumina HiSeq 2500,LIBRARY_LAYOUT=PAIRED,LIBRARY_STRATEGY=RNA-Seq,LIBRARY_SOURCE=TRANSCRIPTOMIC,LIBRARY_SELECTION=cDNA,PAIRED_NOMINAL_LENGTH=200"	failed	0.069708995	0.107205048	0
HPSI0714i-burb_1	Illumina HiSeq 2500	ERR1837000	Feeder-free	11	male	"INSTRUMENT_PLATFORM=ILLUMINA,INSTRUMENT_MODEL=Illumina HiSeq 2500,LIBRARY_LAYOUT=PAIRED,LIBRARY_STRATEGY=RNA-Seq,LIBRARY_SOURCE=TRANSCRIPTOMIC,LIBRARY_SELECTION=cDNA,PAIRED_NOMINAL_LENGTH=200"	failed	0.069708995	0.107205048	0
HPSI0714i-iudw_1	Illumina HiSeq 2000	ERR1629679	Feeder-free	14	female	"INSTRUMENT_PLATFORM=ILLUMINA,INSTRUMENT_MODEL=Illumina HiSeq 2000,LIBRARY_LAYOUT=PAIRED,LIBRARY_STRATEGY=RNA-Seq,LIBRARY_SOURCE=TRANSCRIPTOMIC,LIBRARY_SELECTION=cDNA,PAIRED_NOMINAL_LENGTH=200"	succeeded	0.999166601	0.320661157	0
HPSI0714i-iudw_1	Illumina HiSeq 2000	ERR1629689	Feeder-free	14	female	"INSTRUMENT_PLATFORM=ILLUMINA,INSTRUMENT_MODEL=Illumina HiSeq 2000,LIBRARY_LAYOUT=PAIRED,LIBRARY_STRATEGY=RNA-Seq,LIBRARY_SOURCE=TRANSCRIPTOMIC,LIBRARY_SELECTION=cDNA,PAIRED_NOMINAL_LENGTH=200"	succeeded	0.999166601	0.320661157	0
HPSI0714i-keui_4	Illumina HiSeq 2000	ERR1724708	Feeder-free	21	female	"INSTRUMENT_PLATFORM=ILLUMINA,INSTRUMENT_MODEL=Illumina HiSeq 2000,LIBRARY_LAYOUT=PAIRED,LIBRARY_STRATEGY=RNA-Seq,LIBRARY_SOURCE=TRANSCRIPTOMIC,LIBRARY_SELECTION=cDNA,PAIRED_NOMINAL_LENGTH=200"	failed	1.20541E-05	0.069641295	1
HPSI0714i-keui_4	Illumina HiSeq 2500	ERR1743797	Feeder-free	21	female	"INSTRUMENT_PLATFORM=ILLUMINA,INSTRUMENT_MODEL=Illumina HiSeq 2500,LIBRARY_LAYOUT=PAIRED,LIBRARY_STRATEGY=RNA-Seq,LIBRARY_SOURCE=TRANSCRIPTOMIC,LIBRARY_SELECTION=cDNA,PAIRED_NOMINAL_LENGTH=200"	failed	1.20541E-05	0.069641295	1
HPSI0714i-kute_5	Illumina HiSeq 2000	ERR1724722	Feeder-free	27	female	"INSTRUMENT_PLATFORM=ILLUMINA,INSTRUMENT_MODEL=Illumina HiSeq 2000,LIBRARY_LAYOUT=PAIRED,LIBRARY_STRATEGY=RNA-Seq,LIBRARY_SOURCE=TRANSCRIPTOMIC,LIBRARY_SELECTION=cDNA,PAIRED_NOMINAL_LENGTH=200"	succeeded	0.983269293	0.446299771	0
HPSI0714i-kute_5	Illumina HiSeq 2500	ERR1743810	Feeder-free	27	female	"INSTRUMENT_PLATFORM=ILLUMINA,INSTRUMENT_MODEL=Illumina HiSeq 2500,LIBRARY_LAYOUT=PAIRED,LIBRARY_STRATEGY=RNA-Seq,LIBRARY_SOURCE=TRANSCRIPTOMIC,LIBRARY_SELECTION=cDNA,PAIRED_NOMINAL_LENGTH=200"	succeeded	0.983269293	0.446299771	0
HPSI0714i-oatm_1	Illumina HiSeq 2500	ERR2278261	Feeder-free	16	male	"INSTRUMENT_PLATFORM=ILLUMINA,INSTRUMENT_MODEL=Illumina HiSeq 2500,LIBRARY_LAYOUT=PAIRED,LIBRARY_STRATEGY=RNA-Seq,LIBRARY_SOURCE=TRANSCRIPTOMIC,LIBRARY_SELECTION=cDNA,PAIRED_NOMINAL_LENGTH=200"	failed	0.098061235	0.085365854	0
HPSI0714i-oatm_1	Illumina HiSeq 2500	ERR2278251	Feeder-free	16	male	"INSTRUMENT_PLATFORM=ILLUMINA,INSTRUMENT_MODEL=Illumina HiSeq 2500,LIBRARY_LAYOUT=PAIRED,LIBRARY_STRATEGY=RNA-Seq,LIBRARY_SOURCE=TRANSCRIPTOMIC,LIBRARY_SELECTION=cDNA,PAIRED_NOMINAL_LENGTH=200"	failed	0.098061235	0.085365854	0
HPSI0714i-pipw_4	Illumina HiSeq 2000	ERR1555115	Feeder-free	9	male	"INSTRUMENT_PLATFORM=ILLUMINA,INSTRUMENT_MODEL=Illumina HiSeq 2000,LIBRARY_LAYOUT=PAIRED,LIBRARY_STRATEGY=RNA-Seq,LIBRARY_SOURCE=TRANSCRIPTOMIC,LIBRARY_SELECTION=cDNA,PAIRED_NOMINAL_LENGTH=185"	succeeded	0.974004121	0.669449082	0
HPSI0714i-pipw_4	Illumina HiSeq 2000	ERR1594736	Feeder-free	9	male	"INSTRUMENT_PLATFORM=ILLUMINA,INSTRUMENT_MODEL=Illumina HiSeq 2000,LIBRARY_LAYOUT=PAIRED,LIBRARY_STRATEGY=RNA-Seq,LIBRARY_SOURCE=TRANSCRIPTOMIC,LIBRARY_SELECTION=cDNA,PAIRED_NOMINAL_LENGTH=188"	succeeded	0.974004121	0.669449082	0
HPSI0714i-pipw_4	Illumina HiSeq 2500	ERR1837031	Feeder-free	9	male	"INSTRUMENT_PLATFORM=ILLUMINA,INSTRUMENT_MODEL=Illumina HiSeq 2500,LIBRARY_LAYOUT=PAIRED,LIBRARY_STRATEGY=RNA-Seq,LIBRARY_SOURCE=TRANSCRIPTOMIC,LIBRARY_SELECTION=cDNA,PAIRED_NOMINAL_LENGTH=200"	succeeded	0.974004121	0.669449082	0
HPSI0714i-pipw_4	Illumina HiSeq 2500	ERR1837041	Feeder-free	9	male	"INSTRUMENT_PLATFORM=ILLUMINA,INSTRUMENT_MODEL=Illumina HiSeq 2500,LIBRARY_LAYOUT=PAIRED,LIBRARY_STRATEGY=RNA-Seq,LIBRARY_SOURCE=TRANSCRIPTOMIC,LIBRARY_SELECTION=cDNA,PAIRED_NOMINAL_LENGTH=200"	succeeded	0.974004121	0.669449082	0
HPSI0715i-aowh_2	Illumina HiSeq 2000	ERR1724701	Feeder-free	11	female	"INSTRUMENT_PLATFORM=ILLUMINA,INSTRUMENT_MODEL=Illumina HiSeq 2000,LIBRARY_LAYOUT=PAIRED,LIBRARY_STRATEGY=RNA-Seq,LIBRARY_SOURCE=TRANSCRIPTOMIC,LIBRARY_SELECTION=cDNA,PAIRED_NOMINAL_LENGTH=200"	succeeded	0.9820035	0.620823295	2
HPSI0715i-aowh_2	Illumina HiSeq 2500	ERR1743790	Feeder-free	11	female	"INSTRUMENT_PLATFORM=ILLUMINA,INSTRUMENT_MODEL=Illumina HiSeq 2500,LIBRARY_LAYOUT=PAIRED,LIBRARY_STRATEGY=RNA-Seq,LIBRARY_SOURCE=TRANSCRIPTOMIC,LIBRARY_SELECTION=cDNA,PAIRED_NOMINAL_LENGTH=200"	succeeded	0.9820035	0.620823295	2
HPSI0715i-meue_5	Illumina HiSeq 2000	ERR1724705	Feeder-free	8	male	"INSTRUMENT_PLATFORM=ILLUMINA,INSTRUMENT_MODEL=Illumina HiSeq 2000,LIBRARY_LAYOUT=PAIRED,LIBRARY_STRATEGY=RNA-Seq,LIBRARY_SOURCE=TRANSCRIPTOMIC,LIBRARY_SELECTION=cDNA,PAIRED_NOMINAL_LENGTH=200"	succeeded	0.976327967	0.731886833	0
HPSI0715i-meue_5	Illumina HiSeq 2500	ERR1743794	Feeder-free	8	male	"INSTRUMENT_PLATFORM=ILLUMINA,INSTRUMENT_MODEL=Illumina HiSeq 2500,LIBRARY_LAYOUT=PAIRED,LIBRARY_STRATEGY=RNA-Seq,LIBRARY_SOURCE=TRANSCRIPTOMIC,LIBRARY_SELECTION=cDNA,PAIRED_NOMINAL_LENGTH=200"	succeeded	0.976327967	0.731886833	0
HPSI0715i-zaie_5	Illumina HiSeq 2000	ERR1724741	Feeder-free	18	female	"INSTRUMENT_PLATFORM=ILLUMINA,INSTRUMENT_MODEL=Illumina HiSeq 2000,LIBRARY_LAYOUT=PAIRED,LIBRARY_STRATEGY=RNA-Seq,LIBRARY_SOURCE=TRANSCRIPTOMIC,LIBRARY_SELECTION=cDNA,PAIRED_NOMINAL_LENGTH=200"	succeeded	0.996063897	0.621375311	0
HPSI0715i-zaie_5	Illumina HiSeq 2500	ERR1743828	Feeder-free	18	female	"INSTRUMENT_PLATFORM=ILLUMINA,INSTRUMENT_MODEL=Illumina HiSeq 2500,LIBRARY_LAYOUT=PAIRED,LIBRARY_STRATEGY=RNA-Seq,LIBRARY_SOURCE=TRANSCRIPTOMIC,LIBRARY_SELECTION=cDNA,PAIRED_NOMINAL_LENGTH=200"	succeeded	0.996063897	0.621375311	0
HPSI0814i-bokz_6	Illumina HiSeq 2000	ERR1243477	Feeder-free	13	female	"INSTRUMENT_PLATFORM=ILLUMINA,INSTRUMENT_MODEL=Illumina HiSeq 2000,LIBRARY_LAYOUT=PAIRED,LIBRARY_STRATEGY=RNA-Seq,LIBRARY_SOURCE=TRANSCRIPTOMIC,LIBRARY_SELECTION=cDNA,PAIRED_NOMINAL_LENGTH=200"	succeeded	0.966656143	0.846774194	0
HPSI0814i-bokz_6	Illumina HiSeq 2000	ERR1203474	Feeder-free	13	female	"INSTRUMENT_PLATFORM=ILLUMINA,INSTRUMENT_MODEL=Illumina HiSeq 2000,LIBRARY_LAYOUT=PAIRED,LIBRARY_STRATEGY=RNA-Seq,LIBRARY_SOURCE=TRANSCRIPTOMIC,LIBRARY_SELECTION=cDNA,PAIRED_NOMINAL_LENGTH=200"	succeeded	0.966656143	0.846774194	0
HPSI0814i-doao_1	Illumina HiSeq 2000	ERR1274920	Feeder-free	11	female	"INSTRUMENT_PLATFORM=ILLUMINA,INSTRUMENT_MODEL=Illumina HiSeq 2000,LIBRARY_LAYOUT=PAIRED,LIBRARY_STRATEGY=RNA-Seq,LIBRARY_SOURCE=TRANSCRIPTOMIC,LIBRARY_SELECTION=cDNA,PAIRED_NOMINAL_LENGTH=200"	succeeded	0.967573594	0.588235294	0
HPSI0814i-doao_1	Illumina HiSeq 2000	ERR1274912	Feeder-free	11	female	"INSTRUMENT_PLATFORM=ILLUMINA,INSTRUMENT_MODEL=Illumina HiSeq 2000,LIBRARY_LAYOUT=PAIRED,LIBRARY_STRATEGY=RNA-Seq,LIBRARY_SOURCE=TRANSCRIPTOMIC,LIBRARY_SELECTION=cDNA,PAIRED_NOMINAL_LENGTH=200"	succeeded	0.967573594	0.588235294	0
HPSI0814i-siqu_4	Illumina HiSeq 2500	ERR2039343	Feeder-free	31	female	"INSTRUMENT_PLATFORM=ILLUMINA,INSTRUMENT_MODEL=Illumina HiSeq 2500,LIBRARY_LAYOUT=PAIRED,LIBRARY_STRATEGY=RNA-Seq,LIBRARY_SOURCE=TRANSCRIPTOMIC,LIBRARY_SELECTION=cDNA,PAIRED_NOMINAL_LENGTH=200"	succeeded	0.93519249	0.785553047	1
HPSI0814i-siqu_4	Illumina HiSeq 2500	ERR2039353	Feeder-free	31	female	"INSTRUMENT_PLATFORM=ILLUMINA,INSTRUMENT_MODEL=Illumina HiSeq 2500,LIBRARY_LAYOUT=PAIRED,LIBRARY_STRATEGY=RNA-Seq,LIBRARY_SOURCE=TRANSCRIPTOMIC,LIBRARY_SELECTION=cDNA,PAIRED_NOMINAL_LENGTH=200"	succeeded	0.93519249	0.785553047	1
HPSI0913i-eika_2	Illumina HiSeq 2000	ERR914317	Feeder-free	27	male	"INSTRUMENT_PLATFORM=ILLUMINA,INSTRUMENT_MODEL=Illumina HiSeq 2000,LIBRARY_LAYOUT=PAIRED,LIBRARY_STRATEGY=RNA-Seq,LIBRARY_SOURCE=TRANSCRIPTOMIC,LIBRARY_SELECTION=cDNA,PAIRED_NOMINAL_LENGTH=550"	succeeded	0.9618808	0.538461538	0
HPSI0913i-eika_2	Illumina HiSeq 2000	ERR914281	Feeder-free	27	male	"INSTRUMENT_PLATFORM=ILLUMINA,INSTRUMENT_MODEL=Illumina HiSeq 2000,LIBRARY_LAYOUT=PAIRED,LIBRARY_STRATEGY=RNA-Seq,LIBRARY_SOURCE=TRANSCRIPTOMIC,LIBRARY_SELECTION=cDNA,PAIRED_NOMINAL_LENGTH=550"	succeeded	0.9618808	0.538461538	0
HPSI0913i-lise_1	Illumina HiSeq 2000	ERR914328	Feeder-free	27	female	"INSTRUMENT_PLATFORM=ILLUMINA,INSTRUMENT_MODEL=Illumina HiSeq 2000,LIBRARY_LAYOUT=PAIRED,LIBRARY_STRATEGY=RNA-Seq,LIBRARY_SOURCE=TRANSCRIPTOMIC,LIBRARY_SELECTION=cDNA,PAIRED_NOMINAL_LENGTH=550"	failed	0.067385105	0.106382979	0
HPSI0913i-lise_1	Illumina HiSeq 2000	ERR914292	Feeder-free	27	female	"INSTRUMENT_PLATFORM=ILLUMINA,INSTRUMENT_MODEL=Illumina HiSeq 2000,LIBRARY_LAYOUT=PAIRED,LIBRARY_STRATEGY=RNA-Seq,LIBRARY_SOURCE=TRANSCRIPTOMIC,LIBRARY_SELECTION=cDNA,PAIRED_NOMINAL_LENGTH=550"	failed	0.067385105	0.106382979	0
HPSI0914i-euts_3	Illumina HiSeq 2000	ERR1594728	Feeder-free	10	male	"INSTRUMENT_PLATFORM=ILLUMINA,INSTRUMENT_MODEL=Illumina HiSeq 2000,LIBRARY_LAYOUT=PAIRED,LIBRARY_STRATEGY=RNA-Seq,LIBRARY_SOURCE=TRANSCRIPTOMIC,LIBRARY_SELECTION=cDNA,PAIRED_NOMINAL_LENGTH=188"	succeeded	0.967144116	0.76433121	0
HPSI0914i-euts_3	Illumina HiSeq 2000	ERR1594718	Feeder-free	10	male	"INSTRUMENT_PLATFORM=ILLUMINA,INSTRUMENT_MODEL=Illumina HiSeq 2000,LIBRARY_LAYOUT=PAIRED,LIBRARY_STRATEGY=RNA-Seq,LIBRARY_SOURCE=TRANSCRIPTOMIC,LIBRARY_SELECTION=cDNA,PAIRED_NOMINAL_LENGTH=191"	succeeded	0.967144116	0.76433121	0
HPSI0914i-euts_3	Illumina HiSeq 2500	ERR1837013	Feeder-free	10	male	"INSTRUMENT_PLATFORM=ILLUMINA,INSTRUMENT_MODEL=Illumina HiSeq 2500,LIBRARY_LAYOUT=PAIRED,LIBRARY_STRATEGY=RNA-Seq,LIBRARY_SOURCE=TRANSCRIPTOMIC,LIBRARY_SELECTION=cDNA,PAIRED_NOMINAL_LENGTH=200"	succeeded	0.967144116	0.76433121	0
HPSI0914i-euts_3	Illumina HiSeq 2500	ERR1837023	Feeder-free	10	male	"INSTRUMENT_PLATFORM=ILLUMINA,INSTRUMENT_MODEL=Illumina HiSeq 2500,LIBRARY_LAYOUT=PAIRED,LIBRARY_STRATEGY=RNA-Seq,LIBRARY_SOURCE=TRANSCRIPTOMIC,LIBRARY_SELECTION=cDNA,PAIRED_NOMINAL_LENGTH=200"	succeeded	0.967144116	0.76433121	0
HPSI0914i-iezw_2	Illumina HiSeq 2000	ERR1724718	Feeder-free	35	female	"INSTRUMENT_PLATFORM=ILLUMINA,INSTRUMENT_MODEL=Illumina HiSeq 2000,LIBRARY_LAYOUT=PAIRED,LIBRARY_STRATEGY=RNA-Seq,LIBRARY_SOURCE=TRANSCRIPTOMIC,LIBRARY_SELECTION=cDNA,PAIRED_NOMINAL_LENGTH=200"	failed	0.095891097	0.185086551	2
HPSI0914i-iezw_2	Illumina HiSeq 2500	ERR1743807	Feeder-free	35	female	"INSTRUMENT_PLATFORM=ILLUMINA,INSTRUMENT_MODEL=Illumina HiSeq 2500,LIBRARY_LAYOUT=PAIRED,LIBRARY_STRATEGY=RNA-Seq,LIBRARY_SOURCE=TRANSCRIPTOMIC,LIBRARY_SELECTION=cDNA,PAIRED_NOMINAL_LENGTH=200"	failed	0.095891097	0.185086551	2
HPSI0914i-jejf_2	Illumina HiSeq 2000	ERR1555137	Feeder-free	18	female	"INSTRUMENT_PLATFORM=ILLUMINA,INSTRUMENT_MODEL=Illumina HiSeq 2000,LIBRARY_LAYOUT=PAIRED,LIBRARY_STRATEGY=RNA-Seq,LIBRARY_SOURCE=TRANSCRIPTOMIC,LIBRARY_SELECTION=cDNA,PAIRED_NOMINAL_LENGTH=184"	succeeded	0.978900834	0.84516129	0
HPSI0914i-jejf_2	Illumina HiSeq 2000	ERR1594758	Feeder-free	18	female	"INSTRUMENT_PLATFORM=ILLUMINA,INSTRUMENT_MODEL=Illumina HiSeq 2000,LIBRARY_LAYOUT=PAIRED,LIBRARY_STRATEGY=RNA-Seq,LIBRARY_SOURCE=TRANSCRIPTOMIC,LIBRARY_SELECTION=cDNA,PAIRED_NOMINAL_LENGTH=184"	succeeded	0.978900834	0.84516129	0
HPSI0914i-jejf_2	Illumina HiSeq 2500	ERR1837072	Feeder-free	18	female	"INSTRUMENT_PLATFORM=ILLUMINA,INSTRUMENT_MODEL=Illumina HiSeq 2500,LIBRARY_LAYOUT=PAIRED,LIBRARY_STRATEGY=RNA-Seq,LIBRARY_SOURCE=TRANSCRIPTOMIC,LIBRARY_SELECTION=cDNA,PAIRED_NOMINAL_LENGTH=200"	succeeded	0.978900834	0.84516129	0
HPSI0914i-jejf_2	Illumina HiSeq 2500	ERR1837063	Feeder-free	18	female	"INSTRUMENT_PLATFORM=ILLUMINA,INSTRUMENT_MODEL=Illumina HiSeq 2500,LIBRARY_LAYOUT=PAIRED,LIBRARY_STRATEGY=RNA-Seq,LIBRARY_SOURCE=TRANSCRIPTOMIC,LIBRARY_SELECTION=cDNA,PAIRED_NOMINAL_LENGTH=200"	succeeded	0.978900834	0.84516129	0
HPSI0914i-kajh_2	Illumina HiSeq 2000	ERR1629747	Feeder-free	28	female	"INSTRUMENT_PLATFORM=ILLUMINA,INSTRUMENT_MODEL=Illumina HiSeq 2000,LIBRARY_LAYOUT=PAIRED,LIBRARY_STRATEGY=RNA-Seq,LIBRARY_SOURCE=TRANSCRIPTOMIC,LIBRARY_SELECTION=cDNA,PAIRED_NOMINAL_LENGTH=200"	succeeded	0.954543447	0.724409449	0
HPSI0914i-kajh_2	Illumina HiSeq 2000	ERR1629738	Feeder-free	28	female	"INSTRUMENT_PLATFORM=ILLUMINA,INSTRUMENT_MODEL=Illumina HiSeq 2000,LIBRARY_LAYOUT=PAIRED,LIBRARY_STRATEGY=RNA-Seq,LIBRARY_SOURCE=TRANSCRIPTOMIC,LIBRARY_SELECTION=cDNA,PAIRED_NOMINAL_LENGTH=200"	succeeded	0.954543447	0.724409449	0
HPSI0914i-laey_6	Illumina HiSeq 2000	ERR1629683	Feeder-free	16	female	"INSTRUMENT_PLATFORM=ILLUMINA,INSTRUMENT_MODEL=Illumina HiSeq 2000,LIBRARY_LAYOUT=PAIRED,LIBRARY_STRATEGY=RNA-Seq,LIBRARY_SOURCE=TRANSCRIPTOMIC,LIBRARY_SELECTION=cDNA,PAIRED_NOMINAL_LENGTH=200"	succeeded	0.967777633	0.575371468	0
HPSI0914i-laey_6	Illumina HiSeq 2000	ERR1629693	Feeder-free	16	female	"INSTRUMENT_PLATFORM=ILLUMINA,INSTRUMENT_MODEL=Illumina HiSeq 2000,LIBRARY_LAYOUT=PAIRED,LIBRARY_STRATEGY=RNA-Seq,LIBRARY_SOURCE=TRANSCRIPTOMIC,LIBRARY_SELECTION=cDNA,PAIRED_NOMINAL_LENGTH=200"	succeeded	0.967777633	0.575371468	0
HPSI0914i-ouvb_2	Illumina HiSeq 2000	ERR1724731	Feeder-free	26	female	"INSTRUMENT_PLATFORM=ILLUMINA,INSTRUMENT_MODEL=Illumina HiSeq 2000,LIBRARY_LAYOUT=PAIRED,LIBRARY_STRATEGY=RNA-Seq,LIBRARY_SOURCE=TRANSCRIPTOMIC,LIBRARY_SELECTION=cDNA,PAIRED_NOMINAL_LENGTH=200"	succeeded	0.999539706	0.616700659	1
HPSI0914i-ouvb_2	Illumina HiSeq 2500	ERR1743819	Feeder-free	26	female	"INSTRUMENT_PLATFORM=ILLUMINA,INSTRUMENT_MODEL=Illumina HiSeq 2500,LIBRARY_LAYOUT=PAIRED,LIBRARY_STRATEGY=RNA-Seq,LIBRARY_SOURCE=TRANSCRIPTOMIC,LIBRARY_SELECTION=cDNA,PAIRED_NOMINAL_LENGTH=200"	succeeded	0.999539706	0.616700659	1
HPSI0914i-rejf_2	Illumina HiSeq 2500	ERR2039317	Feeder-free	19	female	"INSTRUMENT_PLATFORM=ILLUMINA,INSTRUMENT_MODEL=Illumina HiSeq 2500,LIBRARY_LAYOUT=PAIRED,LIBRARY_STRATEGY=RNA-Seq,LIBRARY_SOURCE=TRANSCRIPTOMIC,LIBRARY_SELECTION=cDNA,PAIRED_NOMINAL_LENGTH=200"	failed	0.028352662	0.036082474	0
HPSI0914i-rejf_2	Illumina HiSeq 2500	ERR2039327	Feeder-free	19	female	"INSTRUMENT_PLATFORM=ILLUMINA,INSTRUMENT_MODEL=Illumina HiSeq 2500,LIBRARY_LAYOUT=PAIRED,LIBRARY_STRATEGY=RNA-Seq,LIBRARY_SOURCE=TRANSCRIPTOMIC,LIBRARY_SELECTION=cDNA,PAIRED_NOMINAL_LENGTH=200"	failed	0.028352662	0.036082474	0
HPSI0914i-suop_5	Illumina HiSeq 2000	ERR1724747	Feeder-free	9	male	"INSTRUMENT_PLATFORM=ILLUMINA,INSTRUMENT_MODEL=Illumina HiSeq 2000,LIBRARY_LAYOUT=PAIRED,LIBRARY_STRATEGY=RNA-Seq,LIBRARY_SOURCE=TRANSCRIPTOMIC,LIBRARY_SELECTION=cDNA,PAIRED_NOMINAL_LENGTH=200"	succeeded	0.975198989	0.855403349	0
HPSI0914i-suop_5	Illumina HiSeq 2500	ERR1823509	Feeder-free	9	male	"INSTRUMENT_PLATFORM=ILLUMINA,INSTRUMENT_MODEL=Illumina HiSeq 2500,LIBRARY_LAYOUT=PAIRED,LIBRARY_STRATEGY=RNA-Seq,LIBRARY_SOURCE=TRANSCRIPTOMIC,LIBRARY_SELECTION=cDNA,PAIRED_NOMINAL_LENGTH=200"	succeeded	0.975198989	0.855403349	0
HPSI0914i-vaka_5	Illumina HiSeq 2500	ERR2039330	Feeder-free	11	female	"INSTRUMENT_PLATFORM=ILLUMINA,INSTRUMENT_MODEL=Illumina HiSeq 2500,LIBRARY_LAYOUT=PAIRED,LIBRARY_STRATEGY=RNA-Seq,LIBRARY_SOURCE=TRANSCRIPTOMIC,LIBRARY_SELECTION=cDNA,PAIRED_NOMINAL_LENGTH=200"	succeeded	0.922662723	0.466886425	0
HPSI0914i-vaka_5	Illumina HiSeq 2500	ERR2039320	Feeder-free	11	female	"INSTRUMENT_PLATFORM=ILLUMINA,INSTRUMENT_MODEL=Illumina HiSeq 2500,LIBRARY_LAYOUT=PAIRED,LIBRARY_STRATEGY=RNA-Seq,LIBRARY_SOURCE=TRANSCRIPTOMIC,LIBRARY_SELECTION=cDNA,PAIRED_NOMINAL_LENGTH=200"	succeeded	0.922662723	0.466886425	0
HPSI0914i-yuvg_2	Illumina HiSeq 2500	ERR2278304	Feeder-free	10	male	"INSTRUMENT_PLATFORM=ILLUMINA,INSTRUMENT_MODEL=Illumina HiSeq 2500,LIBRARY_LAYOUT=PAIRED,LIBRARY_STRATEGY=RNA-Seq,LIBRARY_SOURCE=TRANSCRIPTOMIC,LIBRARY_SELECTION=cDNA,PAIRED_NOMINAL_LENGTH=200"	succeeded	0.95646232	0.613956026	0
HPSI0914i-yuvg_2	Illumina HiSeq 2500	ERR2278314	Feeder-free	10	male	"INSTRUMENT_PLATFORM=ILLUMINA,INSTRUMENT_MODEL=Illumina HiSeq 2500,LIBRARY_LAYOUT=PAIRED,LIBRARY_STRATEGY=RNA-Seq,LIBRARY_SOURCE=TRANSCRIPTOMIC,LIBRARY_SELECTION=cDNA,PAIRED_NOMINAL_LENGTH=200"	succeeded	0.95646232	0.613956026	0
HPSI0914i-zerv_7	Illumina HiSeq 2000	ERR1629740	Feeder-free	14	female	"INSTRUMENT_PLATFORM=ILLUMINA,INSTRUMENT_MODEL=Illumina HiSeq 2000,LIBRARY_LAYOUT=PAIRED,LIBRARY_STRATEGY=RNA-Seq,LIBRARY_SOURCE=TRANSCRIPTOMIC,LIBRARY_SELECTION=cDNA,PAIRED_NOMINAL_LENGTH=200"	succeeded	0.966969647	0.492794778	2
HPSI0914i-zerv_7	Illumina HiSeq 2000	ERR1629749	Feeder-free	14	female	"INSTRUMENT_PLATFORM=ILLUMINA,INSTRUMENT_MODEL=Illumina HiSeq 2000,LIBRARY_LAYOUT=PAIRED,LIBRARY_STRATEGY=RNA-Seq,LIBRARY_SOURCE=TRANSCRIPTOMIC,LIBRARY_SELECTION=cDNA,PAIRED_NOMINAL_LENGTH=200"	succeeded	0.966969647	0.492794778	2
HPSI1013i-garx_2	Illumina HiSeq 2000	ERR1243460	Feeder-free	21	female	"INSTRUMENT_PLATFORM=ILLUMINA,INSTRUMENT_MODEL=Illumina HiSeq 2000,LIBRARY_LAYOUT=PAIRED,LIBRARY_STRATEGY=RNA-Seq,LIBRARY_SOURCE=TRANSCRIPTOMIC,LIBRARY_SELECTION=cDNA,PAIRED_NOMINAL_LENGTH=200"	failed	0.115203203	0.173931808	0
HPSI1013i-garx_2	Illumina HiSeq 2000	ERR1203457	Feeder-free	21	female	"INSTRUMENT_PLATFORM=ILLUMINA,INSTRUMENT_MODEL=Illumina HiSeq 2000,LIBRARY_LAYOUT=PAIRED,LIBRARY_STRATEGY=RNA-Seq,LIBRARY_SOURCE=TRANSCRIPTOMIC,LIBRARY_SELECTION=cDNA,PAIRED_NOMINAL_LENGTH=200"	failed	0.115203203	0.173931808	0
HPSI1013i-hiaf_1	Illumina HiSeq 2500	ERR2039325	Feeder-free	27	male	"INSTRUMENT_PLATFORM=ILLUMINA,INSTRUMENT_MODEL=Illumina HiSeq 2500,LIBRARY_LAYOUT=PAIRED,LIBRARY_STRATEGY=RNA-Seq,LIBRARY_SOURCE=TRANSCRIPTOMIC,LIBRARY_SELECTION=cDNA,PAIRED_NOMINAL_LENGTH=200"	succeeded	0.964941336	0.466217356	0
HPSI1013i-hiaf_1	Illumina HiSeq 2500	ERR2039315	Feeder-free	27	male	"INSTRUMENT_PLATFORM=ILLUMINA,INSTRUMENT_MODEL=Illumina HiSeq 2500,LIBRARY_LAYOUT=PAIRED,LIBRARY_STRATEGY=RNA-Seq,LIBRARY_SOURCE=TRANSCRIPTOMIC,LIBRARY_SELECTION=cDNA,PAIRED_NOMINAL_LENGTH=200"	succeeded	0.964941336	0.466217356	0
HPSI1013i-jogf_2	Illumina HiSeq 2000	ERR1203462	Feeder-free	24	male	"INSTRUMENT_PLATFORM=ILLUMINA,INSTRUMENT_MODEL=Illumina HiSeq 2000,LIBRARY_LAYOUT=PAIRED,LIBRARY_STRATEGY=RNA-Seq,LIBRARY_SOURCE=TRANSCRIPTOMIC,LIBRARY_SELECTION=cDNA,PAIRED_NOMINAL_LENGTH=200"	failed	0.000522907	0.030952381	0
HPSI1013i-jogf_2	Illumina HiSeq 2000	ERR1243465	Feeder-free	24	male	"INSTRUMENT_PLATFORM=ILLUMINA,INSTRUMENT_MODEL=Illumina HiSeq 2000,LIBRARY_LAYOUT=PAIRED,LIBRARY_STRATEGY=RNA-Seq,LIBRARY_SOURCE=TRANSCRIPTOMIC,LIBRARY_SELECTION=cDNA,PAIRED_NOMINAL_LENGTH=200"	failed	0.000522907	0.030952381	0
HPSI1013i-jufd_3	Illumina HiSeq 2000	ERR1243467	Feeder-free	38	male	"INSTRUMENT_PLATFORM=ILLUMINA,INSTRUMENT_MODEL=Illumina HiSeq 2000,LIBRARY_LAYOUT=PAIRED,LIBRARY_STRATEGY=RNA-Seq,LIBRARY_SOURCE=TRANSCRIPTOMIC,LIBRARY_SELECTION=cDNA,PAIRED_NOMINAL_LENGTH=200"	failed	0.063669456	0.114285714	0
HPSI1013i-jufd_3	Illumina HiSeq 2000	ERR1203464	Feeder-free	38	male	"INSTRUMENT_PLATFORM=ILLUMINA,INSTRUMENT_MODEL=Illumina HiSeq 2000,LIBRARY_LAYOUT=PAIRED,LIBRARY_STRATEGY=RNA-Seq,LIBRARY_SOURCE=TRANSCRIPTOMIC,LIBRARY_SELECTION=cDNA,PAIRED_NOMINAL_LENGTH=200"	failed	0.063669456	0.114285714	0
HPSI1013i-kuxp_1	Illumina HiSeq 2000	ERR946987	Feeder-free	28	male	"INSTRUMENT_PLATFORM=ILLUMINA,INSTRUMENT_MODEL=Illumina HiSeq 2000,LIBRARY_LAYOUT=PAIRED,LIBRARY_STRATEGY=RNA-Seq,LIBRARY_SOURCE=TRANSCRIPTOMIC,LIBRARY_SELECTION=cDNA,PAIRED_NOMINAL_LENGTH=550"	succeeded	0.985199961	0.925233645	1
HPSI1013i-kuxp_1	Illumina HiSeq 2000	ERR947012	Feeder-free	28	male	"INSTRUMENT_PLATFORM=ILLUMINA,INSTRUMENT_MODEL=Illumina HiSeq 2000,LIBRARY_LAYOUT=PAIRED,LIBRARY_STRATEGY=RNA-Seq,LIBRARY_SOURCE=TRANSCRIPTOMIC,LIBRARY_SELECTION=cDNA,PAIRED_NOMINAL_LENGTH=550"	succeeded	0.985199961	0.925233645	1
HPSI1013i-sita_1	Illumina HiSeq 2000	ERR1629753	Feeder-free	19	male	"INSTRUMENT_PLATFORM=ILLUMINA,INSTRUMENT_MODEL=Illumina HiSeq 2000,LIBRARY_LAYOUT=PAIRED,LIBRARY_STRATEGY=RNA-Seq,LIBRARY_SOURCE=TRANSCRIPTOMIC,LIBRARY_SELECTION=cDNA,PAIRED_NOMINAL_LENGTH=200"	failed	2.1293E-05	0.029717682	0
HPSI1013i-sita_1	Illumina HiSeq 2000	ERR1629744	Feeder-free	19	male	"INSTRUMENT_PLATFORM=ILLUMINA,INSTRUMENT_MODEL=Illumina HiSeq 2000,LIBRARY_LAYOUT=PAIRED,LIBRARY_STRATEGY=RNA-Seq,LIBRARY_SOURCE=TRANSCRIPTOMIC,LIBRARY_SELECTION=cDNA,PAIRED_NOMINAL_LENGTH=200"	failed	2.1293E-05	0.029717682	0
HPSI1013i-zagm_1	Illumina HiSeq 2000	ERR1724739	Feeder-free	8	male	"INSTRUMENT_PLATFORM=ILLUMINA,INSTRUMENT_MODEL=Illumina HiSeq 2000,LIBRARY_LAYOUT=PAIRED,LIBRARY_STRATEGY=RNA-Seq,LIBRARY_SOURCE=TRANSCRIPTOMIC,LIBRARY_SELECTION=cDNA,PAIRED_NOMINAL_LENGTH=200"	succeeded	0.982827466	0.777777778	0
HPSI1013i-zagm_1	Illumina HiSeq 2500	ERR1743826	Feeder-free	8	male	"INSTRUMENT_PLATFORM=ILLUMINA,INSTRUMENT_MODEL=Illumina HiSeq 2500,LIBRARY_LAYOUT=PAIRED,LIBRARY_STRATEGY=RNA-Seq,LIBRARY_SOURCE=TRANSCRIPTOMIC,LIBRARY_SELECTION=cDNA,PAIRED_NOMINAL_LENGTH=200"	succeeded	0.982827466	0.777777778	0
HPSI1014i-babz_3	Illumina HiSeq 2000	ERR1629752	Feeder-free	19	female	"INSTRUMENT_PLATFORM=ILLUMINA,INSTRUMENT_MODEL=Illumina HiSeq 2000,LIBRARY_LAYOUT=PAIRED,LIBRARY_STRATEGY=RNA-Seq,LIBRARY_SOURCE=TRANSCRIPTOMIC,LIBRARY_SELECTION=cDNA,PAIRED_NOMINAL_LENGTH=200"	succeeded	0.987136084	0.724628583	0
HPSI1014i-babz_3	Illumina HiSeq 2000	ERR1629743	Feeder-free	19	female	"INSTRUMENT_PLATFORM=ILLUMINA,INSTRUMENT_MODEL=Illumina HiSeq 2000,LIBRARY_LAYOUT=PAIRED,LIBRARY_STRATEGY=RNA-Seq,LIBRARY_SOURCE=TRANSCRIPTOMIC,LIBRARY_SELECTION=cDNA,PAIRED_NOMINAL_LENGTH=200"	succeeded	0.987136084	0.724628583	0
HPSI1014i-bilx_1	Illumina HiSeq 2000	ERR1594726	Feeder-free	13	male	"INSTRUMENT_PLATFORM=ILLUMINA,INSTRUMENT_MODEL=Illumina HiSeq 2000,LIBRARY_LAYOUT=PAIRED,LIBRARY_STRATEGY=RNA-Seq,LIBRARY_SOURCE=TRANSCRIPTOMIC,LIBRARY_SELECTION=cDNA,PAIRED_NOMINAL_LENGTH=190"	failed	0.038598756	0.038461538	0
HPSI1014i-bilx_1	Illumina HiSeq 2000	ERR1594716	Feeder-free	13	male	"INSTRUMENT_PLATFORM=ILLUMINA,INSTRUMENT_MODEL=Illumina HiSeq 2000,LIBRARY_LAYOUT=PAIRED,LIBRARY_STRATEGY=RNA-Seq,LIBRARY_SOURCE=TRANSCRIPTOMIC,LIBRARY_SELECTION=cDNA,PAIRED_NOMINAL_LENGTH=190"	failed	0.038598756	0.038461538	0
HPSI1014i-bilx_1	Illumina HiSeq 2500	ERR1837021	Feeder-free	13	male	"INSTRUMENT_PLATFORM=ILLUMINA,INSTRUMENT_MODEL=Illumina HiSeq 2500,LIBRARY_LAYOUT=PAIRED,LIBRARY_STRATEGY=RNA-Seq,LIBRARY_SOURCE=TRANSCRIPTOMIC,LIBRARY_SELECTION=cDNA,PAIRED_NOMINAL_LENGTH=200"	failed	0.038598756	0.038461538	2
HPSI1014i-bilx_1	Illumina HiSeq 2500	ERR1837011	Feeder-free	13	male	"INSTRUMENT_PLATFORM=ILLUMINA,INSTRUMENT_MODEL=Illumina HiSeq 2500,LIBRARY_LAYOUT=PAIRED,LIBRARY_STRATEGY=RNA-Seq,LIBRARY_SOURCE=TRANSCRIPTOMIC,LIBRARY_SELECTION=cDNA,PAIRED_NOMINAL_LENGTH=200"	failed	0.038598756	0.038461538	2
HPSI1014i-eesb_1	Illumina HiSeq 2000	ERR1555096	Feeder-free	10	female	"INSTRUMENT_PLATFORM=ILLUMINA,INSTRUMENT_MODEL=Illumina HiSeq 2000,LIBRARY_LAYOUT=PAIRED,LIBRARY_STRATEGY=RNA-Seq,LIBRARY_SOURCE=TRANSCRIPTOMIC,LIBRARY_SELECTION=cDNA,PAIRED_NOMINAL_LENGTH=184"	succeeded	0.970732597	0.540819943	0
HPSI1014i-eesb_1	Illumina HiSeq 2000	ERR1555106	Feeder-free	10	female	"INSTRUMENT_PLATFORM=ILLUMINA,INSTRUMENT_MODEL=Illumina HiSeq 2000,LIBRARY_LAYOUT=PAIRED,LIBRARY_STRATEGY=RNA-Seq,LIBRARY_SOURCE=TRANSCRIPTOMIC,LIBRARY_SELECTION=cDNA,PAIRED_NOMINAL_LENGTH=185"	succeeded	0.970732597	0.540819943	0
HPSI1014i-eesb_1	Illumina HiSeq 2500	ERR1836992	Feeder-free	10	female	"INSTRUMENT_PLATFORM=ILLUMINA,INSTRUMENT_MODEL=Illumina HiSeq 2500,LIBRARY_LAYOUT=PAIRED,LIBRARY_STRATEGY=RNA-Seq,LIBRARY_SOURCE=TRANSCRIPTOMIC,LIBRARY_SELECTION=cDNA,PAIRED_NOMINAL_LENGTH=200"	succeeded	0.970732597	0.540819943	0
HPSI1014i-eesb_1	Illumina HiSeq 2500	ERR1837002	Feeder-free	10	female	"INSTRUMENT_PLATFORM=ILLUMINA,INSTRUMENT_MODEL=Illumina HiSeq 2500,LIBRARY_LAYOUT=PAIRED,LIBRARY_STRATEGY=RNA-Seq,LIBRARY_SOURCE=TRANSCRIPTOMIC,LIBRARY_SELECTION=cDNA,PAIRED_NOMINAL_LENGTH=200"	succeeded	0.970732597	0.540819943	0
HPSI1014i-kefb_1	Illumina HiSeq 2000	ERR1629725	Feeder-free	20	male	"INSTRUMENT_PLATFORM=ILLUMINA,INSTRUMENT_MODEL=Illumina HiSeq 2000,LIBRARY_LAYOUT=PAIRED,LIBRARY_STRATEGY=RNA-Seq,LIBRARY_SOURCE=TRANSCRIPTOMIC,LIBRARY_SELECTION=cDNA,PAIRED_NOMINAL_LENGTH=200"	failed	0.073994119	0.055555556	0
HPSI1014i-kefb_1	Illumina HiSeq 2000	ERR1629735	Feeder-free	20	male	"INSTRUMENT_PLATFORM=ILLUMINA,INSTRUMENT_MODEL=Illumina HiSeq 2000,LIBRARY_LAYOUT=PAIRED,LIBRARY_STRATEGY=RNA-Seq,LIBRARY_SOURCE=TRANSCRIPTOMIC,LIBRARY_SELECTION=cDNA,PAIRED_NOMINAL_LENGTH=200"	failed	0.073994119	0.055555556	0
HPSI1014i-nosn_1	Illumina HiSeq 2000	ERR1724725	Feeder-free	11	female	"INSTRUMENT_PLATFORM=ILLUMINA,INSTRUMENT_MODEL=Illumina HiSeq 2000,LIBRARY_LAYOUT=PAIRED,LIBRARY_STRATEGY=RNA-Seq,LIBRARY_SOURCE=TRANSCRIPTOMIC,LIBRARY_SELECTION=cDNA,PAIRED_NOMINAL_LENGTH=200"	succeeded	0.942065734	0.435950413	0
HPSI1014i-nosn_1	Illumina HiSeq 2500	ERR1743813	Feeder-free	11	female	"INSTRUMENT_PLATFORM=ILLUMINA,INSTRUMENT_MODEL=Illumina HiSeq 2500,LIBRARY_LAYOUT=PAIRED,LIBRARY_STRATEGY=RNA-Seq,LIBRARY_SOURCE=TRANSCRIPTOMIC,LIBRARY_SELECTION=cDNA,PAIRED_NOMINAL_LENGTH=200"	succeeded	0.942065734	0.435950413	0
HPSI1014i-qayj_4	Illumina HiSeq 2000	ERR1629728	Feeder-free	19	female	"INSTRUMENT_PLATFORM=ILLUMINA,INSTRUMENT_MODEL=Illumina HiSeq 2000,LIBRARY_LAYOUT=PAIRED,LIBRARY_STRATEGY=RNA-Seq,LIBRARY_SOURCE=TRANSCRIPTOMIC,LIBRARY_SELECTION=cDNA,PAIRED_NOMINAL_LENGTH=200"	succeeded	0.987201435	0.826193059	1
HPSI1014i-qayj_4	Illumina HiSeq 2000	ERR1629718	Feeder-free	19	female	"INSTRUMENT_PLATFORM=ILLUMINA,INSTRUMENT_MODEL=Illumina HiSeq 2000,LIBRARY_LAYOUT=PAIRED,LIBRARY_STRATEGY=RNA-Seq,LIBRARY_SOURCE=TRANSCRIPTOMIC,LIBRARY_SELECTION=cDNA,PAIRED_NOMINAL_LENGTH=200"	succeeded	0.987201435	0.826193059	1
HPSI1014i-quls_2	Illumina HiSeq 2000	ERR1629751	Feeder-free	21	male	"INSTRUMENT_PLATFORM=ILLUMINA,INSTRUMENT_MODEL=Illumina HiSeq 2000,LIBRARY_LAYOUT=PAIRED,LIBRARY_STRATEGY=RNA-Seq,LIBRARY_SOURCE=TRANSCRIPTOMIC,LIBRARY_SELECTION=cDNA,PAIRED_NOMINAL_LENGTH=200"	failed	6.4984E-06	0.014737724	0
HPSI1014i-quls_2	Illumina HiSeq 2000	ERR1629742	Feeder-free	21	male	"INSTRUMENT_PLATFORM=ILLUMINA,INSTRUMENT_MODEL=Illumina HiSeq 2000,LIBRARY_LAYOUT=PAIRED,LIBRARY_STRATEGY=RNA-Seq,LIBRARY_SOURCE=TRANSCRIPTOMIC,LIBRARY_SELECTION=cDNA,PAIRED_NOMINAL_LENGTH=200"	failed	6.4984E-06	0.014737724	0
HPSI1014i-roug_3	Illumina HiSeq 2000	ERR1724732	Feeder-free	39	female	"INSTRUMENT_PLATFORM=ILLUMINA,INSTRUMENT_MODEL=Illumina HiSeq 2000,LIBRARY_LAYOUT=PAIRED,LIBRARY_STRATEGY=RNA-Seq,LIBRARY_SOURCE=TRANSCRIPTOMIC,LIBRARY_SELECTION=cDNA,PAIRED_NOMINAL_LENGTH=200"	succeeded	0.977656518	0.864575298	0
HPSI1014i-roug_3	Illumina HiSeq 2500	ERR1743820	Feeder-free	39	female	"INSTRUMENT_PLATFORM=ILLUMINA,INSTRUMENT_MODEL=Illumina HiSeq 2500,LIBRARY_LAYOUT=PAIRED,LIBRARY_STRATEGY=RNA-Seq,LIBRARY_SOURCE=TRANSCRIPTOMIC,LIBRARY_SELECTION=cDNA,PAIRED_NOMINAL_LENGTH=200"	succeeded	0.977656518	0.864575298	0
HPSI1014i-sehl_6	Illumina HiSeq 2000	ERR1724733	Feeder-free	27	female	"INSTRUMENT_PLATFORM=ILLUMINA,INSTRUMENT_MODEL=Illumina HiSeq 2000,LIBRARY_LAYOUT=PAIRED,LIBRARY_STRATEGY=RNA-Seq,LIBRARY_SOURCE=TRANSCRIPTOMIC,LIBRARY_SELECTION=cDNA,PAIRED_NOMINAL_LENGTH=200"	succeeded	0.996331829	0.86508853	0
HPSI1014i-sehl_6	Illumina HiSeq 2500	ERR1743821	Feeder-free	27	female	"INSTRUMENT_PLATFORM=ILLUMINA,INSTRUMENT_MODEL=Illumina HiSeq 2500,LIBRARY_LAYOUT=PAIRED,LIBRARY_STRATEGY=RNA-Seq,LIBRARY_SOURCE=TRANSCRIPTOMIC,LIBRARY_SELECTION=cDNA,PAIRED_NOMINAL_LENGTH=200"	succeeded	0.996331829	0.86508853	0
HPSI1014i-tixi_4	Illumina HiSeq 2000	ERR1629720	Feeder-free	18	female	"INSTRUMENT_PLATFORM=ILLUMINA,INSTRUMENT_MODEL=Illumina HiSeq 2000,LIBRARY_LAYOUT=PAIRED,LIBRARY_STRATEGY=RNA-Seq,LIBRARY_SOURCE=TRANSCRIPTOMIC,LIBRARY_SELECTION=cDNA,PAIRED_NOMINAL_LENGTH=200"	succeeded	0.987610575	0.339779006	0
HPSI1014i-tixi_4	Illumina HiSeq 2000	ERR1629730	Feeder-free	18	female	"INSTRUMENT_PLATFORM=ILLUMINA,INSTRUMENT_MODEL=Illumina HiSeq 2000,LIBRARY_LAYOUT=PAIRED,LIBRARY_STRATEGY=RNA-Seq,LIBRARY_SOURCE=TRANSCRIPTOMIC,LIBRARY_SELECTION=cDNA,PAIRED_NOMINAL_LENGTH=200"	succeeded	0.987610575	0.339779006	0
HPSI1014i-tuju_1	Illumina HiSeq 2000	ERR1555135	Feeder-free	20	female	"INSTRUMENT_PLATFORM=ILLUMINA,INSTRUMENT_MODEL=Illumina HiSeq 2000,LIBRARY_LAYOUT=PAIRED,LIBRARY_STRATEGY=RNA-Seq,LIBRARY_SOURCE=TRANSCRIPTOMIC,LIBRARY_SELECTION=cDNA,PAIRED_NOMINAL_LENGTH=188"	failed	0.057328858	0.016209476	2
HPSI1014i-tuju_1	Illumina HiSeq 2000	ERR1594756	Feeder-free	20	female	"INSTRUMENT_PLATFORM=ILLUMINA,INSTRUMENT_MODEL=Illumina HiSeq 2000,LIBRARY_LAYOUT=PAIRED,LIBRARY_STRATEGY=RNA-Seq,LIBRARY_SOURCE=TRANSCRIPTOMIC,LIBRARY_SELECTION=cDNA,PAIRED_NOMINAL_LENGTH=189"	failed	0.057328858	0.016209476	2
HPSI1014i-tuju_1	Illumina HiSeq 2500	ERR1837070	Feeder-free	20	female	"INSTRUMENT_PLATFORM=ILLUMINA,INSTRUMENT_MODEL=Illumina HiSeq 2500,LIBRARY_LAYOUT=PAIRED,LIBRARY_STRATEGY=RNA-Seq,LIBRARY_SOURCE=TRANSCRIPTOMIC,LIBRARY_SELECTION=cDNA,PAIRED_NOMINAL_LENGTH=200"	failed	0.057328858	0.016209476	0
HPSI1014i-tuju_1	Illumina HiSeq 2500	ERR1837061	Feeder-free	20	female	"INSTRUMENT_PLATFORM=ILLUMINA,INSTRUMENT_MODEL=Illumina HiSeq 2500,LIBRARY_LAYOUT=PAIRED,LIBRARY_STRATEGY=RNA-Seq,LIBRARY_SOURCE=TRANSCRIPTOMIC,LIBRARY_SELECTION=cDNA,PAIRED_NOMINAL_LENGTH=200"	failed	0.057328858	0.016209476	0
HPSI1014i-vils_1	Illumina HiSeq 2000	ERR1724736	Feeder-free	8	female	"INSTRUMENT_PLATFORM=ILLUMINA,INSTRUMENT_MODEL=Illumina HiSeq 2000,LIBRARY_LAYOUT=PAIRED,LIBRARY_STRATEGY=RNA-Seq,LIBRARY_SOURCE=TRANSCRIPTOMIC,LIBRARY_SELECTION=cDNA,PAIRED_NOMINAL_LENGTH=200"	succeeded	0.982040409	0.303932584	0
HPSI1014i-vils_1	Illumina HiSeq 2500	ERR1743824	Feeder-free	8	female	"INSTRUMENT_PLATFORM=ILLUMINA,INSTRUMENT_MODEL=Illumina HiSeq 2500,LIBRARY_LAYOUT=PAIRED,LIBRARY_STRATEGY=RNA-Seq,LIBRARY_SOURCE=TRANSCRIPTOMIC,LIBRARY_SELECTION=cDNA,PAIRED_NOMINAL_LENGTH=200"	succeeded	0.982040409	0.303932584	0
HPSI1113i-bima_1	Illumina HiSeq 2000	ERR946963	Feeder-free	28	male	"INSTRUMENT_PLATFORM=ILLUMINA,INSTRUMENT_MODEL=Illumina HiSeq 2000,LIBRARY_LAYOUT=PAIRED,LIBRARY_STRATEGY=RNA-Seq,LIBRARY_SOURCE=TRANSCRIPTOMIC,LIBRARY_SELECTION=cDNA,PAIRED_NOMINAL_LENGTH=550"	succeeded	0.981440074	0.36996337	0
HPSI1113i-bima_1	Illumina HiSeq 2000	ERR946958	Feeder-free	28	male	"INSTRUMENT_PLATFORM=ILLUMINA,INSTRUMENT_MODEL=Illumina HiSeq 2000,LIBRARY_LAYOUT=PAIRED,LIBRARY_STRATEGY=RNA-Seq,LIBRARY_SOURCE=TRANSCRIPTOMIC,LIBRARY_SELECTION=cDNA,PAIRED_NOMINAL_LENGTH=550"	succeeded	0.981440074	0.36996337	0
HPSI1113i-hayt_3	Illumina HiSeq 2000	ERR914295	Feeder-free	41	male	"INSTRUMENT_PLATFORM=ILLUMINA,INSTRUMENT_MODEL=Illumina HiSeq 2000,LIBRARY_LAYOUT=PAIRED,LIBRARY_STRATEGY=RNA-Seq,LIBRARY_SOURCE=TRANSCRIPTOMIC,LIBRARY_SELECTION=cDNA,PAIRED_NOMINAL_LENGTH=550"	succeeded	0.895774048	0.251087386	0
HPSI1113i-hayt_3	Illumina HiSeq 2000	ERR914331	Feeder-free	41	male	"INSTRUMENT_PLATFORM=ILLUMINA,INSTRUMENT_MODEL=Illumina HiSeq 2000,LIBRARY_LAYOUT=PAIRED,LIBRARY_STRATEGY=RNA-Seq,LIBRARY_SOURCE=TRANSCRIPTOMIC,LIBRARY_SELECTION=cDNA,PAIRED_NOMINAL_LENGTH=550"	succeeded	0.895774048	0.251087386	0
HPSI1113i-ieki_3	Illumina HiSeq 2000	ERR1203468	Feeder-free	30	female	"INSTRUMENT_PLATFORM=ILLUMINA,INSTRUMENT_MODEL=Illumina HiSeq 2000,LIBRARY_LAYOUT=PAIRED,LIBRARY_STRATEGY=RNA-Seq,LIBRARY_SOURCE=TRANSCRIPTOMIC,LIBRARY_SELECTION=cDNA,PAIRED_NOMINAL_LENGTH=200"	succeeded	0.973287967	0.558394161	1
HPSI1113i-ieki_3	Illumina HiSeq 2000	ERR1243471	Feeder-free	30	female	"INSTRUMENT_PLATFORM=ILLUMINA,INSTRUMENT_MODEL=Illumina HiSeq 2000,LIBRARY_LAYOUT=PAIRED,LIBRARY_STRATEGY=RNA-Seq,LIBRARY_SOURCE=TRANSCRIPTOMIC,LIBRARY_SELECTION=cDNA,PAIRED_NOMINAL_LENGTH=200"	succeeded	0.973287967	0.558394161	1
HPSI1113i-podx_1	Illumina HiSeq 2000	ERR947014	Feeder-free	31	female	"INSTRUMENT_PLATFORM=ILLUMINA,INSTRUMENT_MODEL=Illumina HiSeq 2000,LIBRARY_LAYOUT=PAIRED,LIBRARY_STRATEGY=RNA-Seq,LIBRARY_SOURCE=TRANSCRIPTOMIC,LIBRARY_SELECTION=cDNA,PAIRED_NOMINAL_LENGTH=550"	succeeded	0.949896442	0.585592988	0
HPSI1113i-podx_1	Illumina HiSeq 2000	ERR946989	Feeder-free	31	female	"INSTRUMENT_PLATFORM=ILLUMINA,INSTRUMENT_MODEL=Illumina HiSeq 2000,LIBRARY_LAYOUT=PAIRED,LIBRARY_STRATEGY=RNA-Seq,LIBRARY_SOURCE=TRANSCRIPTOMIC,LIBRARY_SELECTION=cDNA,PAIRED_NOMINAL_LENGTH=550"	succeeded	0.949896442	0.585592988	0
HPSI1113i-qolg_1	Illumina HiSeq 2000	ERR1203461	Feeder-free	21	male	"INSTRUMENT_PLATFORM=ILLUMINA,INSTRUMENT_MODEL=Illumina HiSeq 2000,LIBRARY_LAYOUT=PAIRED,LIBRARY_STRATEGY=RNA-Seq,LIBRARY_SOURCE=TRANSCRIPTOMIC,LIBRARY_SELECTION=cDNA,PAIRED_NOMINAL_LENGTH=200"	succeeded	0.973276917	0.764223087	0
HPSI1113i-qolg_1	Illumina HiSeq 2000	ERR1243464	Feeder-free	21	male	"INSTRUMENT_PLATFORM=ILLUMINA,INSTRUMENT_MODEL=Illumina HiSeq 2000,LIBRARY_LAYOUT=PAIRED,LIBRARY_STRATEGY=RNA-Seq,LIBRARY_SOURCE=TRANSCRIPTOMIC,LIBRARY_SELECTION=cDNA,PAIRED_NOMINAL_LENGTH=200"	succeeded	0.973276917	0.764223087	0
HPSI1113i-qorq_1	Illumina HiSeq 2000	ERR914282	Feeder-free	27	male	"INSTRUMENT_PLATFORM=ILLUMINA,INSTRUMENT_MODEL=Illumina HiSeq 2000,LIBRARY_LAYOUT=PAIRED,LIBRARY_STRATEGY=RNA-Seq,LIBRARY_SOURCE=TRANSCRIPTOMIC,LIBRARY_SELECTION=cDNA,PAIRED_NOMINAL_LENGTH=550"	succeeded	0.979784805	0.809993278	0
HPSI1113i-qorq_1	Illumina HiSeq 2000	ERR914318	Feeder-free	27	male	"INSTRUMENT_PLATFORM=ILLUMINA,INSTRUMENT_MODEL=Illumina HiSeq 2000,LIBRARY_LAYOUT=PAIRED,LIBRARY_STRATEGY=RNA-Seq,LIBRARY_SOURCE=TRANSCRIPTOMIC,LIBRARY_SELECTION=cDNA,PAIRED_NOMINAL_LENGTH=550"	succeeded	0.979784805	0.809993278	0
HPSI1113i-uofv_1	Illumina HiSeq 2000	ERR914332	Feeder-free	46	male	"INSTRUMENT_PLATFORM=ILLUMINA,INSTRUMENT_MODEL=Illumina HiSeq 2000,LIBRARY_LAYOUT=PAIRED,LIBRARY_STRATEGY=RNA-Seq,LIBRARY_SOURCE=TRANSCRIPTOMIC,LIBRARY_SELECTION=cDNA,PAIRED_NOMINAL_LENGTH=550"	failed	0.091407394	0	0
HPSI1113i-uofv_1	Illumina HiSeq 2000	ERR914296	Feeder-free	46	male	"INSTRUMENT_PLATFORM=ILLUMINA,INSTRUMENT_MODEL=Illumina HiSeq 2000,LIBRARY_LAYOUT=PAIRED,LIBRARY_STRATEGY=RNA-Seq,LIBRARY_SOURCE=TRANSCRIPTOMIC,LIBRARY_SELECTION=cDNA,PAIRED_NOMINAL_LENGTH=550"	failed	0.091407394	0	0
HPSI1113i-vuud_2	Illumina HiSeq 2500	ERR1903402	Feeder-free	16	female	"INSTRUMENT_PLATFORM=ILLUMINA,INSTRUMENT_MODEL=Illumina HiSeq 2500,LIBRARY_LAYOUT=PAIRED,LIBRARY_STRATEGY=RNA-Seq,LIBRARY_SOURCE=TRANSCRIPTOMIC,LIBRARY_SELECTION=cDNA,PAIRED_NOMINAL_LENGTH=200"	succeeded	0.980647226	0.505408914	2
HPSI1113i-vuud_2	Illumina HiSeq 2500	ERR1903397	Feeder-free	16	female	"INSTRUMENT_PLATFORM=ILLUMINA,INSTRUMENT_MODEL=Illumina HiSeq 2500,LIBRARY_LAYOUT=PAIRED,LIBRARY_STRATEGY=RNA-Seq,LIBRARY_SOURCE=TRANSCRIPTOMIC,LIBRARY_SELECTION=cDNA,PAIRED_NOMINAL_LENGTH=200"	succeeded	0.980647226	0.505408914	2
HPSI1114i-ualf_6	Illumina HiSeq 2000	ERR1724735	Feeder-free	23	female	"INSTRUMENT_PLATFORM=ILLUMINA,INSTRUMENT_MODEL=Illumina HiSeq 2000,LIBRARY_LAYOUT=PAIRED,LIBRARY_STRATEGY=RNA-Seq,LIBRARY_SOURCE=TRANSCRIPTOMIC,LIBRARY_SELECTION=cDNA,PAIRED_NOMINAL_LENGTH=200"	succeeded	0.974026754	0.575	0
HPSI1114i-ualf_6	Illumina HiSeq 2500	ERR1743823	Feeder-free	23	female	"INSTRUMENT_PLATFORM=ILLUMINA,INSTRUMENT_MODEL=Illumina HiSeq 2500,LIBRARY_LAYOUT=PAIRED,LIBRARY_STRATEGY=RNA-Seq,LIBRARY_SOURCE=TRANSCRIPTOMIC,LIBRARY_SELECTION=cDNA,PAIRED_NOMINAL_LENGTH=200"	succeeded	0.974026754	0.575	0
HPSI1114i-zuuy_4	Illumina HiSeq 2500	ERR2278315	Feeder-free	12	female	"INSTRUMENT_PLATFORM=ILLUMINA,INSTRUMENT_MODEL=Illumina HiSeq 2500,LIBRARY_LAYOUT=PAIRED,LIBRARY_STRATEGY=RNA-Seq,LIBRARY_SOURCE=TRANSCRIPTOMIC,LIBRARY_SELECTION=cDNA,PAIRED_NOMINAL_LENGTH=200"	succeeded	0.969873392	0.376068376	0
HPSI1114i-zuuy_4	Illumina HiSeq 2500	ERR2278305	Feeder-free	12	female	"INSTRUMENT_PLATFORM=ILLUMINA,INSTRUMENT_MODEL=Illumina HiSeq 2500,LIBRARY_LAYOUT=PAIRED,LIBRARY_STRATEGY=RNA-Seq,LIBRARY_SOURCE=TRANSCRIPTOMIC,LIBRARY_SELECTION=cDNA,PAIRED_NOMINAL_LENGTH=200"	succeeded	0.969873392	0.376068376	0
HPSI1213i-hehd_1	Illumina HiSeq 2000	ERR1724695	Feeder-free	39	female	"INSTRUMENT_PLATFORM=ILLUMINA,INSTRUMENT_MODEL=Illumina HiSeq 2000,LIBRARY_LAYOUT=PAIRED,LIBRARY_STRATEGY=RNA-Seq,LIBRARY_SOURCE=TRANSCRIPTOMIC,LIBRARY_SELECTION=cDNA,PAIRED_NOMINAL_LENGTH=200"	succeeded	0.984266448	0.780639404	0
HPSI1213i-hehd_1	Illumina HiSeq 2500	ERR1743785	Feeder-free	39	female	"INSTRUMENT_PLATFORM=ILLUMINA,INSTRUMENT_MODEL=Illumina HiSeq 2500,LIBRARY_LAYOUT=PAIRED,LIBRARY_STRATEGY=RNA-Seq,LIBRARY_SOURCE=TRANSCRIPTOMIC,LIBRARY_SELECTION=cDNA,PAIRED_NOMINAL_LENGTH=200"	succeeded	0.984266448	0.780639404	0
HPSI1213i-tolg_4	Illumina HiSeq 2000	ERR1629721	Feeder-free	13	male	"INSTRUMENT_PLATFORM=ILLUMINA,INSTRUMENT_MODEL=Illumina HiSeq 2000,LIBRARY_LAYOUT=PAIRED,LIBRARY_STRATEGY=RNA-Seq,LIBRARY_SOURCE=TRANSCRIPTOMIC,LIBRARY_SELECTION=cDNA,PAIRED_NOMINAL_LENGTH=200"	succeeded	0.991276894	0.6	0
HPSI1213i-tolg_4	Illumina HiSeq 2000	ERR1629731	Feeder-free	13	male	"INSTRUMENT_PLATFORM=ILLUMINA,INSTRUMENT_MODEL=Illumina HiSeq 2000,LIBRARY_LAYOUT=PAIRED,LIBRARY_STRATEGY=RNA-Seq,LIBRARY_SOURCE=TRANSCRIPTOMIC,LIBRARY_SELECTION=cDNA,PAIRED_NOMINAL_LENGTH=200"	succeeded	0.991276894	0.6	0